acceleration.x_mean,acceleration.x_std,acceleration.x_max,acceleration.x_min,acceleration.x_var,acceleration.x_freq_mean,acceleration.x_freq_max,acceleration.x_freq_min,acceleration.x_freq_var,acceleration.y_mean,acceleration.y_std,acceleration.y_max,acceleration.y_min,acceleration.y_var,acceleration.y_freq_mean,acceleration.y_freq_max,acceleration.y_freq_min,acceleration.y_freq_var,acceleration.z_mean,acceleration.z_std,acceleration.z_max,acceleration.z_min,acceleration.z_var,acceleration.z_freq_mean,acceleration.z_freq_max,acceleration.z_freq_min,acceleration.z_freq_var,rotationRate.alpha_mean,rotationRate.alpha_std,rotationRate.alpha_max,rotationRate.alpha_min,rotationRate.alpha_var,rotationRate.alpha_freq_mean,rotationRate.alpha_freq_max,rotationRate.alpha_freq_min,rotationRate.alpha_freq_var,rotationRate.beta_mean,rotationRate.beta_std,rotationRate.beta_max,rotationRate.beta_min,rotationRate.beta_var,rotationRate.beta_freq_mean,rotationRate.beta_freq_max,rotationRate.beta_freq_min,rotationRate.beta_freq_var,rotationRate.gamma_mean,rotationRate.gamma_std,rotationRate.gamma_max,rotationRate.gamma_min,rotationRate.gamma_var,rotationRate.gamma_freq_mean,rotationRate.gamma_freq_max,rotationRate.gamma_freq_min,rotationRate.gamma_freq_var,label
-0.002091794,0.023467019,0.056020201,-0.093779752,0.000550701,0.225457456,4.037201745,0.047656944,0.281664189,0.00306381,0.014172556,0.067465345,-0.05087539,0.000200861,0.097777854,2.337241989,0.002595344,0.11638759,-0.005536853,0.03937617,0.192251661,-0.189852051,0.001550483,0.446412261,5.652296027,0.104515505,0.747849294,-0.209666667,2.296431119,9.3,-15.9,5.273595882,32.89218681,269.1941693,0.630003944,2103.364047,-0.251,1.67036399,6.1,-16.6,2.79011586,28.91952355,157.4081467,1.17436245,872.7411575,0.220666667,1.257540683,8.9,-9.2,1.58140857,20.72543989,132.4,0.308336782,546.9361414,0
-0.00241221,0.01197029,0.024898446,-0.098319188,0.000143288,0.163866842,1.991119903,0.051625183,0.062468326,0.00698159,0.009748083,0.034201511,-0.004601787,9.50E-05,0.063361416,4.188953833,0.000324719,0.082150937,-0.005009196,0.015820574,0.038283543,-0.098040357,0.000250291,0.197405866,3.005517472,0.052901029,0.126010195,-0.124833333,0.929824856,2.8,-3.8,0.864574263,15.55324812,74.9,0.372670032,285.326473,-0.141666667,0.966188261,3.6,-7.1,0.933519755,17.54673922,85,0.637928167,263.3319427,0.012666667,0.468086242,1.1,-1.8,0.21910473,7.444259024,55.20174015,0.235610595,75.92300758,0
-0.001715443,0.019915933,0.110486835,-0.073199415,0.000396644,0.150051919,3.125303033,0.005521882,0.216840065,0.000242624,0.012973964,0.06438778,-0.052543837,0.000168324,0.093144943,1.955618228,0.003670928,0.092185263,-0.003935463,0.023718364,0.059644976,-0.10188556,0.000562561,0.200605482,3.200096618,0.004223709,0.306024084,0.1415,2.100487522,10.9,-10.5,4.41204783,35.17746812,173.7459549,1.623160025,1417.375737,-0.353666667,2.628021572,8,-23.9,6.906497385,45.15649864,247.5963343,1.8,2172.930631,0.0665,0.920347479,3.2,-8.2,0.847039482,15.62473877,89.38547,0.483264489,265.8975383,0
-0.000586175,0.036415032,0.094964291,-0.148278697,0.001326055,0.334511941,7.089317086,0.055211029,0.682614606,-0.0028842,0.014829674,0.03243258,-0.072923123,0.000219919,0.103526906,2.280625041,0.000108999,0.126004961,0.001894674,0.032799624,0.118417252,-0.118678005,0.001075815,0.294319766,5.298487579,0.052115032,0.559943124,-0.148,2.352002521,15.5,-15.2,5.53191586,39.42782886,228.3045861,1.440756061,1772.206312,-0.22,1.873958253,9.1,-19.2,3.511719533,33.58312436,134.043497,0.963355119,1004.733758,0.230333333,1.401065617,5.2,-5.5,1.962984864,18.90179359,217.0439048,0.123315673,850.382199,0
-0.001019931,0.019268487,0.101777803,-0.074135301,0.000371275,0.216660388,2.94753155,0.053055067,0.176075913,0.003075151,0.013247695,0.103352531,-0.031373517,0.000175501,0.127887646,2.097754739,0.004586303,0.09444404,-0.003475714,0.017786201,0.04472825,-0.088856552,0.000316349,0.143095861,3.403276985,0.003305972,0.176264942,-0.047666667,1.01145091,3.3,-2.6,1.023032944,16.37609532,112.5789121,0.4,345.9835021,0.061333333,0.75490929,2.5,-2.7,0.569888036,13.5315047,59.91871937,0.573049019,160.5183805,0.004166667,0.655603283,2.4,-2.2,0.429815665,10.6375692,73.51687251,0.24385062,144.3121216,0
-0.007873448,0.043994083,0.092793404,-0.168251729,0.001935479,0.327252465,7.090715077,0.001472153,1.089452661,-0.00151514,0.059215827,0.319554233,-0.217725296,0.003506514,0.400143759,8.857283379,0.001824592,1.941664378,-0.001583253,0.117748927,0.65417544,-0.431065629,0.01386481,1.212780158,18.25933005,0.258181935,6.835689408,-0.006666667,5.721171958,24.9,-40.7,32.73180857,85.019777,501.421826,1.24E-14,12378.01752,-0.822333333,6.031780155,24.1,-34.7,36.38237184,92.116464,724.4202621,3.981488636,13713.33706,0.056666667,3.076159969,17.6,-10.4,9.462760156,44.52942598,414.2830901,1.128438161,3687.250221,0
0.007500461,0.067334823,0.223620331,-0.23400136,0.004533978,0.552329276,10.20056008,0.049598174,2.444539581,-0.008695855,0.036160675,0.067430051,-0.316478767,0.001307594,0.505259291,5.217512789,0.166819388,0.57333284,0.00759617,0.060786316,0.263543943,-0.168861644,0.003694976,0.547952103,8.441814782,0.072705755,1.947660342,-0.707833333,5.752362247,23.1,-39.1,33.08967142,89.25015518,546.1063437,0.529150262,12155.7398,-0.415833333,5.962212615,30.3,-44.7,35.54797927,105.0092762,579.9100925,2.639065169,10370.04191,0.092666667,3.349404485,17.7,-16.5,11.21851041,51.36013187,391.6188867,1.331596936,4087.176854,0
0.011090476,0.052133898,0.258908991,-0.191105352,0.002717943,0.400409641,7.883017542,0.003805369,1.54151937,-0.006797905,0.027456237,0.100730158,-0.213633626,0.000753845,0.452970662,4.078743173,0.16942984,0.274097603,0.002001656,0.053123871,0.268816079,-0.220619529,0.002822146,0.569628861,9.0134285,0.154897245,1.368392163,0.237666667,2.658243465,13.2,-18.6,7.066258319,43.16609315,228.6024875,1.502906425,2403.268402,-0.291666667,3.006853144,11.4,-19,9.041165832,43.44509332,304.4892131,0.628058232,3579.223867,-0.163833333,2.159006907,10.5,-11.7,4.661310824,32.26020409,216.0857855,0.899722771,1767.509232,0
0.004319566,0.028946112,0.104148307,-0.08119093,0.000837877,0.232634619,4.135285516,0.006237262,0.458964897,-0.006737006,0.025095007,0.097879695,-0.129419902,0.000629759,0.179388025,4.042203831,0.00159393,0.372278152,0.005796216,0.065344043,0.335512416,-0.242912808,0.004269844,0.588839803,10.0040061,0.099159853,2.231061923,0.478333333,3.662383419,17.5,-17.6,13.41305231,55.39733117,345.7472888,0.554313203,5102.835699,-0.1285,2.98997285,12.4,-17.7,8.939937646,44.10404186,408.7064375,0.678061669,3419.763491,0.313,2.015134142,12.7,-7.5,4.060765609,31.78226657,193.4297437,0.238001651,1481.067531,0
0.000894722,0.035630522,0.134149967,-0.14051877,0.001269534,0.229374386,6.162496437,0.002060124,0.708318652,-0.001739158,0.019495846,0.084840947,-0.088789535,0.000380088,0.125083982,3.819667884,0.000948038,0.213841512,0.003524971,0.024486503,0.115446923,-0.094052791,0.000599589,0.260592487,3.501386378,0.050911931,0.298700514,0.201666667,1.503928264,5.5,-6.8,2.261800223,24.67353034,138.0643597,0.612660904,770.4369006,-0.108166667,1.680800938,8.4,-13.1,2.825091792,29.16892501,128.791965,0.613000216,848.4238138,0.050333333,1.074316907,5.4,-6,1.154156817,17.55984783,94.57239856,1.019932971,384.5117443,0
-0.113954367,0.324068632,1.314145352,-1.044156258,0.105020478,2.75853862,68.37261999,0.440218527,63.08908986,3.547831783,0.158569528,3.922874592,2.701666825,0.025144295,5.328601764,2128.69907,0.448647109,7538.933653,9.138257896,0.050719132,9.384483226,8.99849775,0.00257243,9.578661965,5482.954738,0.067155215,50014.44455,0.904641774,0.72787933,6.855028517,-0.266287136,0.52980832,11.54199074,542.7850644,2.243657082,675.1636768,0.099358159,0.953607814,8.933872499,-1.780226686,0.909367862,14.94759149,129.1819025,5.502863167,327.2040844,0.143916273,1.288326468,5.025431148,-11.05823072,1.659785088,16.40770816,182.4151519,4.511137146,737.4255165,0
-1.622368738,0.244596373,-1.08814061,-2.350713854,0.059827386,3.00018214,973.4212427,0.127044907,1606.083704,4.544584942,0.123555298,4.701095155,4.181902523,0.015265912,5.332135611,2726.750965,0.084572558,12372.66399,8.49844115,0.037786122,8.627499792,8.400332138,0.001427791,8.907787427,5099.06469,0.098368466,43255.60776,0.725205593,0.818128381,3.920753516,-10.25282772,0.669334047,15.37029522,435.1233557,5.638029006,480.2390104,0.043908421,0.699601062,2.068064719,-8.426998678,0.489441647,11.81414577,73.28247607,1.735222689,154.7582756,-0.064278036,1.7604492,6.924767775,-14.05970099,3.099181385,21.78616265,169.4419115,4.71791972,1384.251766,0
0.255161152,0.176216896,0.423213933,-0.314903722,0.031052394,1.637172397,153.0966909,0.328584814,54.98437872,3.679300843,0.216688923,4.408100454,3.230682579,0.046954089,5.455671465,2207.580506,0.407899535,8120.713966,9.086920467,0.090705713,9.289445728,8.703903198,0.008227526,9.85573375,5452.15228,0.158056066,49451.06695,0.703067995,0.53264639,2.589556659,-1.362851998,0.283712177,4.500122302,421.8407971,0.181543462,446.2752566,0.125674164,0.826385892,8.795398942,-1.459273743,0.682913643,11.964721,119.6234893,4.127674691,275.3871209,0.074121624,0.768527885,2.482795603,-4.068580328,0.59063511,6.555040641,116.9591465,0.48218066,314.1182822,0
0.309709214,0.197118182,0.555799649,-0.596256934,0.038855578,2.127841132,185.8255284,0.572919056,76.29866154,3.828127099,0.118667965,4.011950762,3.400429884,0.014082086,4.761334305,2296.876259,0.241217009,8778.499116,9.027271196,0.081744531,9.797313752,8.607533741,0.006682168,10.41858761,5416.362718,0.637957703,48790.4308,0.666477311,1.116866959,3.324061343,-15.14416946,1.247391805,20.68783874,399.8863866,8.166795502,585.7162231,-0.141238426,2.773602823,4.387975803,-38.96211414,7.692872622,49.37635511,216.6177962,19.485798,2181.975232,0.072828296,0.591868867,5.017752469,-1.001103396,0.350308756,6.090597062,78.98187729,0.665781977,175.9219486,0
0.602644858,0.423736304,0.965936942,-1.149037007,0.179552455,2.868620417,361.5869146,0.089429582,317.2314323,6.008969251,0.27276321,6.33140763,5.38995477,0.074399768,8.010898575,3605.381551,0.447651499,21645.01784,7.749071219,0.210674991,8.304339754,7.506355497,0.044383952,9.368282626,4649.442731,0.405042749,35967.68412,-0.227061343,0.64765575,3.7126386,-3.796707182,0.41945797,8.418928312,136.2368057,2.430724624,211.3110822,-0.016576649,0.621921534,1.832393631,-5.962322984,0.386786394,9.389311417,79.97552486,3.254332416,143.6907526,0.165839163,2.002771735,6.691153763,-11.11163238,4.011094621,16.886001,273.3111734,2.016680021,2134.010225,0
-0.256392732,0.102457659,-0.113974959,-0.69929364,0.010497572,1.257321025,153.8356393,0.255623208,44.14952928,3.289989805,0.090358661,3.532411144,2.799092463,0.008164688,4.193782062,1973.993883,0.262435706,6481.722589,9.221079557,0.040618515,9.301178494,9.098263595,0.001649864,9.62696449,5532.647734,0.102763575,50925.29474,0.019968724,0.47699225,4.268238559,-0.777861029,0.227521606,6.468807998,68.28457718,2.073313895,94.67921526,0.014169937,0.350853495,1.942645096,-1.083020732,0.123098175,3.4658883,66.87533904,0.750698835,61.84389736,0.087242962,0.42826822,2.711912011,-0.910047209,0.183413668,3.393663113,57.64771142,0.211432479,102.9146386,0
-1.114701669,0.158837297,-0.945634631,-1.800337635,0.025229287,2.437167277,668.8210017,0.370871394,754.7084456,6.15201116,0.155093426,6.274181584,5.619910978,0.024053971,7.26594467,3691.206696,0.215675355,22669.95916,7.491662016,0.090887948,7.808784742,7.403056523,0.008260619,8.188946699,4494.99721,0.161153512,33612.88912,-0.082244139,1.137164153,3.159516528,-13.45439853,1.293142311,19.63196883,136.6752419,7.916307987,393.2365031,-0.082579677,0.804416155,1.443802501,-9.400969448,0.64708535,12.69300471,113.1924114,4.727898924,230.5833978,-0.030769736,0.810848843,1.208790046,-8.184891907,0.657475846,11.64155149,99.99328578,3.879445089,258.8703769,0
-0.066521208,0.144333873,0.277381244,-0.517536348,0.020832267,1.219085506,39.91272457,0.200656237,13.647401,4.680341019,0.073377638,4.803956577,4.456839197,0.005384278,5.095363559,2808.204611,0.050811655,13120.61768,8.603272536,0.045599324,8.720394443,8.494557235,0.002079298,8.842795065,5161.963521,0.002350404,44332.82947,0.127378931,0.341081123,3.359154672,-1.120213421,0.116336332,5.699628042,76.42735855,2.169186869,46.93493845,-0.169582478,1.241059111,2.424297408,-15.40193081,1.540227717,20.76632629,154.0977864,8.017551319,508.6110252,-0.030079152,0.593992398,1.931234642,-2.791374133,0.352826969,6.586300361,91.71202063,1.723662193,168.5068555,0
0.702408382,0.118809074,0.908748306,0.09110175,0.014115596,2.055620555,421.4450289,0.348163181,300.2561869,5.688966586,0.219540575,5.890633,4.097924819,0.048198064,8.436985862,3413.379951,0.870172537,19376.2924,7.950642183,0.155800223,9.100881225,7.795097981,0.02427371,9.891633145,4770.38531,0.615174193,37844.32222,0.152401559,0.778607243,5.228067605,-6.917229522,0.606229238,11.40408012,91.44093528,3.37378766,247.0140113,-0.044915668,0.784643265,1.039182155,-10.60808917,0.615665054,14.17907793,71.3610037,5.818482264,168.9475665,0.080237101,0.914911004,3.848047151,-10.01896464,0.837062146,15.7077148,95.85653027,3.387938115,258.5307163,0
-0.000888357,0.363247967,0.405255567,-1.673949752,0.131949085,2.052494229,76.87896355,0.096512805,74.82524306,3.73205563,0.434062997,5.196980484,3.219778016,0.188410685,5.843202481,2239.233378,0.158442296,8435.65852,9.044510314,0.237141242,9.297061556,7.98814469,0.056235968,10.31057063,5426.706188,0.048753029,49009.27757,0.205832009,1.184233684,6.60855291,-3.534343208,1.402409418,8.928184201,183.0995092,0.245990659,785.750858,0.094655996,0.853924278,4.362984287,-2.157980484,0.729186673,9.653005209,101.384745,2.344685325,348.9781621,0.066948852,1.434916024,5.294242109,-7.726383744,2.058983995,10.31006545,196.6036872,0.406098173,1129.723253,0
0.09741046802,0.1006169412,0.2160089815,-0.2062409918,0.01012376886,0.809218319,58.44628081,0.1492216203,11.10258283,9.239404118,0.06916799768,9.318918585,9.093099365,0.004784211903,9.66756762,5543.642471,0.1040560326,51129.35695,3.047394319,0.1869906994,3.41025354,2.782371913,0.03496552165,3.927883594,1828.436591,0.1556523556,5577.483358,0.004846017504,0.4368453605,3.570727947,-1.394853566,0.190833869,5.448233311,83.77222992,1.602248162,84.64033162,-0.08174734598,0.2288551109,1.027929509,-0.8134318071,0.05237466177,2.562773491,49.04840759,0.6153308938,28.81419158,0.08152890185,0.1527577848,0.506566638,-0.7379031212,0.02333494081,1.799887602,48.91734111,0.3970662719,14.72621127,1
0.1961482896,0.0779157089,0.3072542783,-0.002804881146,0.006070857694,0.8333741517,117.6889738,0.1496380267,26.0264222,9.29886239,0.081889061,9.409173001,9.172461199,0.006705818312,9.699253719,5579.317434,0.04671408469,51791.24631,2.894690589,0.2494771331,3.396924432,2.50833587,0.06223883996,4.522956143,1736.814353,0.3498998991,5044.364096,0.1428979644,0.3699025726,1.994063245,-0.8196688986,0.1368279132,4.656395065,85.73877864,1.521104522,72.52980196,-0.1582652147,0.3244433054,0.927334703,-1.242445601,0.1052634584,3.014198486,94.95912879,0.3918811981,68.99614596,0.06885120156,0.1805598191,1.705081491,-0.2295427203,0.03260184827,2.705280273,41.31072093,0.9424958348,15.05425853,1
0.1203214076,0.1163302754,0.344768475,-0.102760693,0.01353273298,0.9399734555,72.19284455,0.2076265828,15.90890163,9.297967839,0.02084265435,9.352768277,9.22905397,0.0004344162404,9.416825268,5578.780704,0.0005933402481,51782.90718,2.879089889,0.08850554953,3.07159236,2.739594114,0.007833232297,3.39377386,1727.453934,0.0492681868,4966.66956,0.04371533238,0.3372291819,1.166768363,-1.32750222,0.1137235211,3.136452072,48.8481395,0.5006374686,59.42967574,-0.2409397937,0.6291885414,1.315889487,-3.442951348,0.3958782206,4.874836725,144.5638762,0.07970198796,248.1982116,0.04400745506,0.1744919476,0.4670352428,-0.7585328053,0.03044743977,1.500241123,26.40447304,0.2324777239,17.14928665,1
0.285361314,0.03266270089,0.4143845452,0.2166569806,0.001066852029,0.4592183006,171.2167884,0.0008350588484,49.28681064,9.1812291,0.02960834674,9.208546279,9.098877364,0.0008766541968,9.314685951,5508.73746,0.0003887026373,50490.74242,3.270984805,0.05863618255,3.390767896,3.126005752,0.003438201904,3.539163915,1962.590883,0.001298238527,6409.138759,0.0654291121,0.174720353,0.6163291084,-0.5847831148,0.03052720174,2.11967438,39.25746726,0.6242153927,16.36135559,-0.1610279052,0.3209452439,0.7062759033,-1.735288104,0.1030058496,3.991408687,96.61674311,1.108928833,61.32715233,0.04535699061,0.0926749621,0.3054208878,-0.6876701551,0.0085886486,1.23917766,27.21419436,0.3548041447,4.843393195,1
-0.04644853565,0.03402109608,0.005955254798,-0.2009389896,0.001157434979,0.4046733871,27.86912139,0.1025985196,1.82402288,9.291952394,0.02007620956,9.303637161,9.198232783,0.0004030541904,9.486609892,5575.171436,0.05080255402,51714.47324,2.93537535,0.06130481307,3.119805024,2.840374452,0.003758280105,3.405233742,1761.22521,0.1096740538,5160.512661,0.06112219923,0.3635033687,1.583614042,-2.806427199,0.1321346991,5.66110704,59.65092256,2.126509575,49.34210576,-0.1345169418,0.2275379331,2.314932114,-1.230974894,0.05177351099,3.73383194,80.71016508,1.303961219,27.9277167,0.06287472635,0.1220244738,1.178757529,-0.4789421294,0.0148899722,2.195908956,37.72483581,0.8697900674,6.469015934,1
-0.540520416,0.08115134264,-0.3981662022,-0.7974781875,0.006585540412,1.113264498,324.3122496,0.05585605849,178.0027729,8.938157868,0.08159883321,9.005290312,8.730066708,0.006658369581,9.33690208,5362.894721,0.04633631294,47851.21027,3.81305422,0.177746559,4.265776291,3.609462064,0.03159383922,4.773958119,2287.832532,0.1453596343,8719.763524,0.08511873041,0.6674571288,7.689982779,-1.41161092,0.4454990188,11.17583082,75.02014842,4.314710991,146.3018367,-0.03121183337,0.5727187972,3.293036907,-1.312059118,0.3280068207,4.841796218,70.37732569,0.4992536941,173.6176021,0.04712287639,0.3093758857,1.093882992,-2.10379449,0.09571343864,4.286604188,42.38384531,1.348885678,40.28971357,1
0.2771983364,0.09546333985,0.5007321841,0.002003370241,0.009113249255,0.9835109063,166.3190019,0.1517398018,50.59489323,6.226121017,0.042937163,6.322806399,6.124807833,0.001843599966,6.443956648,3735.67261,0.0009405652661,23218.32949,7.454123961,0.04145386541,7.55592677,7.300967531,0.001718422957,7.795552136,4472.474377,0.05706557483,33278.63712,-0.05809318983,0.4654134001,1.508581665,-2.878479687,0.216609633,5.969599119,69.94626618,1.843872023,96.13794773,-0.101391818,0.2901167999,0.7056945065,-1.282637467,0.08416775758,2.361071006,60.83509077,0.1521068069,51.01001094,0.04610618662,0.2919019059,0.7069981648,-1.552054875,0.08520672266,3.369952723,45.03149346,0.8536655204,40.95771378,1
-0.2904866434,0.05528551264,0.002028433241,-0.3602121308,0.003056487908,0.7166139037,174.291986,0.06062898959,51.94679476,8.947901309,0.055904129,9.300804441,8.886103594,0.00312527164,9.517314604,5368.740785,0.1662766876,47950.25546,3.79075968,0.09292605057,3.877454448,3.341707754,0.008635250875,4.339533712,2274.455808,0.01790731077,8608.256335,0.03036861523,0.3582259029,1.890435269,-1.162626462,0.1283257975,3.463395382,45.69919869,0.5141288171,65.4253968,-0.1131061576,0.2961340382,1.29458356,-2.585173281,0.08769536861,4.112613532,67.86369456,1.272034592,43.29173746,0.0587578984,0.1339287669,0.9085244262,-0.2098034293,0.0179369146,1.558862068,35.25473904,0.3955682853,10.38565527,1
0.06881365076,0.08458073296,0.110467377,-0.3624126632,0.007153900388,0.8886001722,41.28819046,0.1960644088,6.336767185,7.714068983,0.02502164611,7.796191034,7.598695419,0.0006260827741,8.008750974,4628.44139,0.1036165974,35640.3511,5.911884422,0.04550647853,6.029611999,5.606291118,0.002070839588,6.432809073,3547.130653,0.1613789045,20930.08585,-0.03451910746,0.4819796149,0.7244493138,-6.025719054,0.2323043492,8.591531756,61.1433538,3.535722846,66.0508285,-0.04970925542,0.8569405584,11.46497497,-1.748905643,0.7343471206,15.38195128,68.73770534,6.22005877,204.7521062,0.08197967094,0.1216449086,1.285234537,-0.06451748575,0.01479748378,1.937208645,49.18780257,0.6876633413,9.143315321,1
0.06979317066,0.07384071299,0.5894581831,-0.02661104468,0.005452450894,1.009546436,41.87590239,0.3025283641,5.169486081,6.079723674,0.07667807577,6.298436579,5.818367749,0.005879527304,6.67329432,3647.834205,0.1006133228,22136.81295,7.582131051,0.06860215714,7.794684657,7.393930822,0.004706255964,8.04691978,4549.27863,0.04742991159,34431.29289,-0.1155085851,0.6468868387,6.232807315,-3.249744474,0.4184625821,9.262571536,74.60665852,2.773979517,172.8691951,-0.02005359368,0.8429523412,10.88375548,-1.533502766,0.7105686495,13.66523463,96.69823296,4.979089321,239.1332715,0.02933132465,0.2857257383,0.732488285,-1.32718409,0.08163919755,2.153943275,56.19739926,0.1366299041,44.77860366,1
-0.006076334381,0.02274976775,0.1013972137,-0.05933058344,0.0005175519327,0.2429713333,3.645800629,0.05411656622,0.2731316426,-0.06250765174,0.01470426534,0.003202240516,-0.09843423103,0.0002162154193,0.1817294288,37.50459105,0.003305628869,2.440811367,-0.07655653758,0.02667801477,-1.44E-05,-0.1547091146,0.0007117164721,0.3287997125,45.93392255,0.05431963565,3.834750984,-0.009363143233,0.6065767371,2.349733632,-1.712190024,0.367935338,4.282689653,119.8239287,0.2638663587,202.1044379,-0.1277775908,0.8309136435,4.30273229,-2.930138134,0.6904174829,7.165025101,119.8935081,0.9470141871,372.0187552,0.08401544302,0.449755383,1.883064041,-1.681739835,0.2022799045,3.407218068,80.24492927,0.2888181823,113.7916846,1
-0.003802059368,0.0215672008,0.09793758073,-0.05777410181,0.0004651441505,0.2268663767,4.311875544,0.0520200743,0.2358263866,-0.06312738877,0.01378047419,0.0007421861224,-0.09905055294,0.0001899014688,0.2347410943,37.87643326,0.05052215689,2.449687926,-0.06936931191,0.03039736426,0.2067682876,-0.1168176849,0.0009239997538,0.5346310128,41.62158715,0.167725758,3.154906394,0.2556454897,0.6214104695,2.157352325,-1.549967042,0.3861509715,5.008625415,153.3872938,0.4027481276,245.4308733,-0.1300119045,0.3952076457,1.062630687,-1.340016685,0.1561890832,3.399799346,78.00714268,0.3627056716,92.14048245,0.002507021073,0.4689275867,1.208156853,-1.727976348,0.2198930816,4.554744095,74.22222081,0.907745269,110.9740332,1
-0.006407853706,0.04585578259,0.185082832,-0.1314329364,0.002102752797,0.327111107,8.275816917,0.008939457172,1.177183603,-0.061691871,0.02155063505,-0.002380384717,-0.1331148754,0.0004644298711,0.2138002947,37.0151226,0.002810241947,2.516015095,-0.0684254964,0.03813465965,0.03476313083,-0.3050119894,0.001454252267,0.5778502888,41.05529784,0.1606006644,3.346415286,-0.06676607838,0.5728114184,1.468906083,-1.288870516,0.328112921,4.740405571,90.13724556,0.4328510209,176.7428203,-0.1455397365,0.606405395,1.609341914,-2.232658563,0.3677275031,5.297353163,105.0546877,0.6931204908,204.9159128,-0.001806246755,0.7274021657,2.470513805,-2.000905947,0.5291139107,5.975218015,127.7121967,0.8091943396,281.2379597,1
4.70E-05,0.02542373331,0.09645146548,-0.06679517777,0.0006463662155,0.2471340521,4.777515632,0.02818764016,0.3260994476,-0.06009030117,0.01424630324,-0.03407029424,-0.1046426938,0.0002029571559,0.16666766,36.0541807,0.0001847406099,2.260299804,-0.06879333122,0.02089245596,-0.01281805363,-0.1381634433,0.0004364947161,0.2171318569,41.27599873,0.005008855989,3.053827544,-0.1369358373,0.7132414762,1.593282147,-4.311480918,0.5087134034,5.356034418,95.06236489,0.03108813045,287.2830781,-0.1803661199,0.7427264275,1.246981831,-4.685470433,0.5516425461,6.075646788,111.1341114,0.5956352096,313.0395635,-0.01257467513,0.3964329216,1.091500982,-1.546044362,0.1571590613,4.152909864,87.21742423,1.099607823,76.98649085,1
-0.003596339836,0.02525551634,0.06430059839,-0.1026508294,0.0006378411055,0.2468122196,5.119050604,0.05434283685,0.3289107466,-0.0615025387,0.01468254422,-0.03113233389,-0.1160223697,0.0002155771048,0.1672314888,36.90152322,7.57E-05,2.370701675,-0.07013789083,0.02391260567,0.01104221035,-0.124146471,0.0005718127097,0.3212104506,42.0827345,0.05623468037,3.190933898,-0.03095418857,0.4852014005,1.5813351,-1.680397958,0.2354203991,3.516484905,73.94306065,0.1925951659,129.22605,0.0533799895,0.4962013274,1.55110867,-1.399864471,0.2462157573,3.84567973,64.38963837,0.08673672165,134.40364,0.0278319954,0.496196553,0.9789928924,-1.917957637,0.2462110192,4.770123507,84.47334167,0.9817167418,125.1910942,1
-0.01595404065,0.02259839182,0.1019094981,-0.09053405694,0.0005106873127,0.2468810027,9.572424388,0.0523660929,0.3976703185,-0.05117732885,0.01618757348,-0.009875582085,-0.1010003279,0.000262037535,0.1693885217,30.70639731,0.002528609153,1.699739405,-0.06046192859,0.02295772409,0.01538101732,-0.1101352455,0.0005270570952,0.3113165273,36.27715715,0.0552128017,2.412176105,0.09377484586,0.6457752107,2.723400817,-1.256848057,0.4170256228,6.728655113,99.5983875,1.456470499,209.7997815,-0.1723964972,0.5666985088,1.681273828,-1.815594083,0.3211471999,5.637258775,103.4378983,1.195303859,178.4208176,0.1144290098,0.4154715839,1.379328764,-1.420965968,0.172616637,3.341078662,68.65740587,0.1649188972,100.0909579,1
-0.002974328791,0.02766139415,0.07765050605,-0.102066948,0.0007651527264,0.2046887878,4.443542686,0.0006900783455,0.4217369623,-0.0566840187,0.01386270954,0.0007523298338,-0.08600861845,0.0001921747158,0.1616579503,34.01041122,0.0005860600129,2.016826148,-0.07618197856,0.03420504915,0.2920023019,-0.2037868037,0.001169985387,0.5738566191,45.70918713,0.0264259226,3.853726142,-0.07901759667,0.6739855237,3.131643093,-3.445337087,0.4542564862,7.801474502,96.45199188,1.844028526,214.9828992,-0.3155927281,0.8839900384,1.098671505,-4.523021737,0.7814383879,7.812491486,189.3556369,1.138378324,466.8058332,-0.1664445404,0.8984154939,1.88176062,-5.023015817,0.8071503996,8.05774684,119.207826,0.8994788235,435.1780763,1
-0.009692562248,0.02392877235,0.09414476453,-0.07292128181,0.0005725861462,0.2433940452,5.815537349,0.04744339041,0.3401058981,-0.0568477586,0.01059438921,-0.0008131562044,-0.1014571495,0.0001122410827,0.2102777801,34.10865516,0.05319545618,1.962016259,-0.07640664448,0.02010205275,-0.02279911127,-0.1931928725,0.0004040925247,0.29798297,45.84398669,0.04791427285,3.656042764,-0.04004494987,0.4788166522,1.979785465,-1.731749764,0.2292653864,5.742626182,81.78931129,1.556585361,105.3143698,-0.1033151016,0.5407049478,1.426836357,-2.689088082,0.2923618406,5.07813828,71.55936056,0.7790796433,155.7416602,0.1177892199,0.4741261549,1.95442452,-0.996919573,0.2247956108,3.882013554,78.36718882,0.03522771594,127.9071218,1
-0.008496507015,0.02023970767,0.0684331274,-0.1174529055,0.0004096457667,0.1531267494,5.097904209,0.003916184299,0.2652443917,-0.06024793009,0.01391410095,-0.0181196657,-0.1012099206,0.0001936022054,0.1672613156,36.14875806,0.001096633569,2.265879222,-0.0731534664,0.02039192685,0.09272936296,-0.112066784,0.0004158306808,0.2850677668,43.89207984,0.04697484702,3.378676734,-0.08000450904,0.5760635571,2.709587706,-1.883020005,0.3318492218,4.887784985,88.47059646,0.5714495784,178.7276747,-0.09526014263,0.6345729223,2.959965324,-2.566437611,0.4026827937,7.285881248,92.33449615,1.805120147,193.5676248,-0.04338327083,0.5535151287,1.742060901,-3.37997926,0.3063789977,4.870060043,75.54450811,0.4478796734,160.9327997,1
-0.005067591031,0.02579975032,0.09808150651,-0.09827824267,0.0006656271163,0.3303135543,4.418865073,0.05529210224,0.3050118858,-0.06103600183,0.01466235865,0.001995662706,-0.1015208919,0.0002149847612,0.2434490299,36.6216011,0.05414675276,2.304744554,-0.06574746825,0.02283340187,0.006992709656,-0.1306213513,0.0005213642409,0.2215265748,39.44848095,0.003069701013,2.856860906,0.0654180967,0.5826933394,2.195249883,-1.299011232,0.3395315278,6.261919869,97.16698737,1.496572484,166.7354611,-0.04748821563,0.6647423545,1.684117046,-4.197149067,0.4418823978,8.185122059,97.24946248,2.379839995,199.0444115,0.04272919612,0.6552405154,1.724273408,-2.410983627,0.4293401331,5.124574997,102.2624228,0.5637490106,232.0089413,1
-0.1687222331,0.3517219502,1.396848251,-1.816497227,0.1237083302,4.854677807,101.2333398,1.669145493,67.61370836,5.494799666,0.4182059163,6.199015918,4.026838339,0.1748961884,9.450433076,3296.879799,1.098993799,18131.14615,8.088436123,0.2887384911,9.08521522,7.00347593,0.08336991627,11.36034547,4853.061674,1.076126082,39174.56048,-0.4016618765,1.512654803,8.881147062,-12.18574536,2.288124553,27.0627711,240.9971259,9.295107638,734.9923856,0.664949795,4.668044327,65.49915371,-3.902405204,21.79063784,85.9138187,405.8636009,35.64598793,5936.702758,0.5040526784,1.635793814,17.64668617,-1.331735438,2.675821402,24.746315,302.4316071,8.752877742,1142.878376,2
0.2415537072,0.3519966127,1.197448583,-0.3768138371,0.1239016154,3.128168802,144.9322243,0.4938988711,99.44054363,6.391624067,0.3982562057,6.995266145,5.291161259,0.1586080054,8.998558338,3834.97444,0.5556594671,24525.74707,7.387298816,0.349639687,8.232652047,6.760182469,0.1222479107,9.68387018,4432.379289,0.4518457084,32722.75943,-0.02239919941,1.638574271,5.62864588,-5.777577517,2.684925642,17.68185085,257.8711534,4.516053838,1295.923644,0.3880180368,2.033243049,12.83472557,-3.344350086,4.134077295,25.69625726,265.9350735,7.405165579,1906.349461,0.2077952968,1.163630147,2.813531246,-10.86941392,1.35403512,16.0755097,189.44803,5.279262594,578.5523557,2
0.1086307005,0.2599703679,0.7932812416,-0.3262960302,0.06758459219,1.635835154,82.53185488,0.2683719035,44.88759153,3.780968305,0.2922439214,4.854367262,3.460719394,0.08540650959,5.672910034,2268.580983,0.1947437772,8596.409386,9.043563011,0.1656899897,9.272114112,8.331985823,0.02745317267,10.14797707,5426.137807,0.0903966281,48985.08218,0.08964900256,1.354050163,3.867646498,-5.919524448,1.833451843,17.19204028,180.7187034,5.035457876,807.4935711,0.1782741517,2.301557014,12.59604119,-18.01009674,5.29716469,30.58686118,305.3108491,9.201832215,2256.514576,0.8741848003,3.143438093,19.99471438,-4.655348506,9.881203045,25.39929482,524.5108802,2.587320391,5732.235886,2
-0.3117555612,0.1966172716,0.3332919215,-0.8173652383,0.03865835149,1.37908,187.0533367,0.04067656458,79.56940886,4.313055813,0.8484241851,6.388235238,3.497330374,0.7198235979,9.187357914,2587.833488,1.000858285,11508.23706,8.727634171,0.5164881732,9.302991797,7.322921061,0.2667600331,11.66986557,5236.580503,0.5569479414,45726.56243,-0.1593549752,1.199987819,8.570912244,-4.728842326,1.439970767,17.82553068,145.136567,5.855390146,560.0293503,0.2433122113,1.333987289,3.593943102,-14.18134917,1.779522087,20.82017391,161.7245705,7.493074368,667.9745876,0.1797017732,0.7513011887,4.3840673,-1.848903462,0.5644534761,5.770531954,107.8210639,0.2613934167,324.1842296,2
0.1618239294,0.1694575888,0.5946654305,-0.24067208,0.02871587441,1.132194395,97.09435762,0.1480195316,31.6311351,5.229937537,0.1056087872,5.522190582,5.019114552,0.01115321594,5.8818159,3137.962522,0.1072188618,16383.433,8.27926886,0.09181041909,8.893298021,8.013837684,0.008429153054,9.48556128,4967.561316,0.4307098628,41042.8489,0.07508431083,1.040774134,2.91530162,-5.805078194,1.083210799,13.00112405,155.1093444,3.677738924,483.1966344,-0.2695514331,1.002533912,1.785249398,-10.74617262,1.005074245,15.45764857,161.7308599,5.553368454,406.6953582,-0.01131388907,0.7516307335,3.331874147,-2.484909172,0.5649487595,7.971715186,145.599633,1.760019993,274.9328664,2
0.146909608,0.1861047825,0.7886406653,-0.1365455455,0.03463499007,1.789300962,88.14576481,0.4605214841,30.49422088,2.888768617,0.1298209893,3.20359268,2.404424992,0.01685348925,4.204657271,1733.26117,0.4191164842,4999.406571,9.352147073,0.05444066807,9.693042149,9.092934344,0.00296378634,10.17929291,5611.288244,0.3228429567,52375.75023,-0.018394158,1.179276806,3.617633117,-10.90668723,1.390693785,18.18920849,182.6211851,6.705339849,502.3812791,0.4449132905,2.211620853,30.71528792,-3.751282607,4.891266796,40.25318564,266.9479743,16.34172474,1428.318558,0.2825240009,0.7932263325,7.435378688,-0.8229098861,0.6292080146,10.51747003,169.5144006,3.003002429,314.1703116,2
0.4779189348,0.338570838,1.40062382,-0.4971613554,0.1146302124,3.220282139,286.7513609,0.5158736863,195.3371851,4.812793285,0.3678099243,5.436065716,3.959705729,0.1352841404,6.473172451,2887.675971,0.1035111546,13936.92076,8.476132226,0.2202999816,9.092099776,7.999724934,0.04853208189,10.04666435,5085.679336,0.2679166141,43035.02576,0.1474745416,1.115518106,2.828472404,-6.006271689,1.244380644,9.643462845,180.9421401,1.671294199,665.4368746,-0.07909403236,1.656198203,8.128399936,-11.16860265,2.742992486,27.18357706,184.4431076,10.27826617,907.8591571,0.03448914099,1.246555358,3.637855693,-8.91585411,1.55390026,15.65332679,164.2952058,4.334365928,686.4733164,2
0.2393811243,0.1672847999,0.7793073155,-0.05614915128,0.02798420429,1.207710395,143.6286746,0.139761365,49.68596757,5.848742513,0.2252599232,6.066683652,4.71088336,0.05074203302,8.002522972,3509.245508,0.5499814711,20491.02749,7.821585459,0.1576555698,8.583900101,7.642695632,0.0248552787,9.165585853,4692.951275,0.2918331082,36637.1998,0.2248014356,0.8086021157,7.064729844,-1.219213709,0.6538373815,11.61186095,134.8808614,3.760369378,287.1346881,0.1574113372,0.5991173385,2.117275411,-1.883897887,0.3589415853,6.49608159,100.8527322,1.520073817,187.673931,0.2025275912,0.6664003413,3.518526117,-1.628149696,0.4440894149,5.519518068,121.5165547,0.3731174428,260.1549349,2
0.554362649,0.1443322991,1.029598667,0.3307475824,0.02083181256,1.391435366,332.6175894,0.1011433258,194.9329313,5.76671069,0.2998648745,6.140022673,5.173255631,0.08991894293,7.75603369,3460.026414,0.4556867553,19946.67669,7.855980754,0.2177566019,8.231090134,7.374300069,0.04741793768,9.112294709,4713.588453,0.136454735,36975.2296,0.09355892799,1.418591195,16.1838092,-5.100137585,2.012400978,23.16841913,179.150144,9.01266602,673.9045047,-0.1260238902,0.7743581009,4.25530049,-4.024833163,0.5996304685,11.55324697,98.98318921,4.110000495,235.2303475,0.07901692902,0.426704524,1.241459336,-1.39078346,0.1820767508,4.067305213,61.44952642,0.6980873229,96.2672071,2
-0.04073802654,0.2544762877,0.5966841305,-0.4335082991,0.06475818099,1.703697009,93.5461453,0.4037030644,36.883319,6.676870379,0.1285385158,6.869200338,6.103326537,0.01652215005,7.872554584,4006.122227,0.3582699063,26696.27848,7.126258299,0.1243151812,7.906503164,6.873892072,0.01545426428,8.593532326,4275.754979,0.5254213908,30405.54271,0.2208109275,0.6929700142,2.274042548,-5.205912661,0.4802074406,11.08473622,132.4865565,4.070599853,194.0273594,0.2365098216,0.6974426166,2.328997705,-1.493314249,0.4864262034,6.265961699,141.905893,1.005835402,285.6691573,0.01670685192,0.3984845222,0.9824041194,-1.84630699,0.1587899144,3.947311116,71.61816255,0.8440359731,79.70136503,2
-0.02246214779,0.153890165,0.5438164315,-0.9598203168,0.02368218288,1.165657552,17.66977089,0.05481101883,13.12959886,-0.01315538506,0.05726521354,0.1222463665,-0.3808014966,0.003279304682,0.412670828,7.893231034,0.0008509929128,1.897844786,-0.02883702276,0.1387372704,0.4964027335,-0.915508835,0.01924803019,1.05752865,17.73577679,0.05380173214,10.91014757,0.3290244113,2.882367853,18.24916972,-9.274020987,8.308044438,21.94433314,338.8179619,1.230199138,4559.919099,0.7904502059,3.613448037,23.20027232,-4.068209479,13.05700672,24.6144792,474.2701235,0.3712174729,7590.161355,0.9666584683,4.803359052,32.0569558,-3.188833179,23.07225818,33.69793205,661.4033958,0.6851784199,13245.38918,2
-0.007401257993,0.06353515991,0.1537642668,-0.1989959621,0.004036716545,0.519734161,12.43953098,0.05725633894,2.180736784,-0.02221192592,0.03047199664,0.04749526538,-0.1025258163,0.0009285425795,0.232484148,13.32715555,0.00264160299,0.798169918,-0.02404500253,0.04504063546,0.1960928853,-0.1275553974,0.002028658842,0.4827047821,14.42700152,0.09854941368,1.329060028,-0.1511869085,0.8899299649,1.919730956,-3.073519672,0.7919753424,6.382260693,136.8756217,0.02645384695,447.3744673,0.1442176699,1.008884884,4.592771596,-3.64994873,1.017848709,10.77937201,152.0337732,2.260915138,505.9757575,-0.04924320026,1.329594406,3.655898042,-3.028259088,1.767821283,10.32876582,227.3578688,1.013089764,953.6964809,2
0.00118306432,0.05376334182,0.1898828323,-0.1732778667,0.002890496924,0.5021674113,9.410853777,0.1032028008,1.480075333,-0.01867806278,0.03134512265,0.05690316858,-0.09673997587,0.000982516714,0.3224409037,11.20683767,0.05508932466,0.6938813928,-0.01452138012,0.05422252545,0.2055868616,-0.3054562203,0.002940082266,0.531028393,9.195796886,0.06400296595,1.605640412,-0.009750049033,1.697774225,6.162091973,-4.414992826,2.882437319,13.02560767,230.9045135,1.147321812,1556.970537,0.2830578047,2.122378675,9.278684355,-5.491089344,4.50449124,20.48147145,325.293493,3.690550932,2326.772612,0.02402021181,1.691948625,5.154515728,-4.466072804,2.862690148,13.39773038,283.8139328,1.517740026,1535.598402,2
0.003668986491,0.09347097683,0.3432686083,-0.3728396571,0.008736823509,0.7701271912,17.00592127,0.1012145692,4.648338269,-0.01877878761,0.03977231645,0.08376957252,-0.1369478662,0.001581837156,0.2826985517,11.26727257,0.00274211892,1.079187704,-0.02651335865,0.08073988911,0.1765207543,-0.2560211092,0.006518929694,0.6187919257,15.90801519,0.03984613566,3.943710352,-0.07328081851,2.216365368,4.790394937,-5.95573205,4.912275442,15.3391602,411.5266849,0.8746521241,2710.385201,-0.1086878453,2.153892224,5.851475904,-6.711981524,4.639251712,15.16796397,310.818111,0.4207991856,2555.932473,-0.05532128775,1.722377125,4.534386552,-6.29665283,2.966582961,13.12706966,264.1323788,0.4874834568,1606.499502,2
-0.0112834971,0.05877600721,0.1042894798,-0.3045680432,0.003454619024,0.52730836,8.257056224,0.04322159255,1.867653073,-0.0200659208,0.03647077872,0.1480576759,-0.06949052848,0.0013301177,0.2787075857,12.03955248,0.001495881797,0.9606472907,-0.03288140055,0.04973005847,0.2031683825,-0.2983766145,0.002473078715,0.7805775964,19.72884033,0.2610620448,1.520784668,0.19301249,1.234004302,6.512388823,-2.67334255,1.522766617,13.41212406,161.3808234,3.152902015,754.6044244,0.1716862625,1.722298771,10.92557385,-5.550240463,2.966313058,23.99997065,213.2294053,7.807714532,1218.508634,0.05688121474,1.157123348,4.291333004,-5.370144341,1.338934442,12.19211887,198.1886854,2.805972506,655.3152519,2
0.002962929611,0.1027325867,0.4625750243,-0.2146527449,0.01055398437,0.7432247144,17.40225092,0.04658305911,5.774721032,-0.03590255216,0.05215957938,0.1324582173,-0.2760371243,0.002720621721,0.4675377323,21.5415313,0.05714674284,2.184456831,-0.01905582214,0.09492127655,0.5350433696,-0.3269763983,0.009010048742,0.7609717401,16.8137488,0.04991174548,5.035815821,-0.2282557994,2.938749534,6.624980471,-16.21585085,8.636248821,21.56010767,439.9548006,1.055445816,4739.535227,-0.8823160201,5.999857602,18.31260078,-28.68988868,35.99829125,38.85437642,1083.385909,0.1347001664,20520.40282,-0.6922885792,4.123667196,11.23467567,-22.50917566,17.00463114,32.13874436,668.1549074,2.51974943,9440.433252,2
-0.005314418056,0.04562525387,0.1854235095,-0.2014297994,0.002081663791,0.4045100035,8.805307818,0.0614699815,1.100234091,-0.01843527126,0.01846999036,0.03802495756,-0.07216312946,0.0003411405437,0.1505536829,11.06116276,0.002823135311,0.3855923101,-0.02026770514,0.02749070885,0.1023327194,-0.07696238411,0.0007557390733,0.3097548517,12.16062308,0.06005860516,0.6032075598,0.06097440165,0.399361169,2.368069977,-0.9001957722,0.1594893433,5.033643081,51.23537258,1.36307338,72.42728055,0.08474740332,0.4236697766,1.418324508,-1.279072483,0.1794960796,4.614031844,64.27897761,1.042017447,90.53813522,0.1267353024,0.8377099303,3.462617397,-1.951035832,0.7017579273,6.270218879,138.205082,0.5023610234,390.6744558,2
0.0003714816961,0.04110563796,0.1817946953,-0.09992241833,0.001689673472,0.3669264862,6.549377774,0.04119134411,0.8775621626,-0.02260085002,0.01365327426,0.008250024713,-0.05154835372,0.000186411898,0.1177492119,13.56051001,0.001928930306,0.404274903,-0.02253594719,0.02055376918,0.01627794086,-0.1013281717,0.0004224574277,0.2397545077,13.52156832,0.03949057473,0.5002911247,0.118927196,0.3665466771,1.162502831,-1.244631385,0.1343564665,3.264561205,71.35631759,0.3933297513,78.30837032,-0.0835566657,0.5239514708,1.331087401,-1.75460012,0.2745251437,4.284833359,114.8066549,0.5453843529,150.269794,0.212592747,0.5882785265,1.910661288,-1.275200653,0.3460716248,4.798681574,127.5556482,0.4290494136,211.386964,2
-0.0008602751557,0.03395452658,0.122137954,-0.08886652975,0.001152909875,0.2306322375,6.01275218,0.001844571568,0.6378458304,-0.02279417709,0.01911390733,0.09705615591,-0.07594305154,0.0003653414532,0.2395536942,13.67650625,0.05408776702,0.4731982635,-0.01637863786,0.03162948681,0.1379124459,-0.1115550213,0.001000424436,0.2369913485,9.827182715,0.008287978726,0.7040452047,0.209813163,1.544747578,9.273812933,-5.994066496,2.386245081,12.5435282,209.0242051,0.971542065,1298.433642,-0.2110404621,0.7824474605,1.488838258,-3.126368661,0.6122240285,5.907736571,138.3392422,0.3807656928,358.5436877,0.05953323763,0.6870955309,2.572981219,-1.88290408,0.4721002686,4.688715987,116.587314,0.04347592351,262.9305271,2
-0.005974712651,0.05189784329,0.1498104698,-0.3822535889,0.002693386139,0.7045919095,6.682452937,0.2113429275,1.138306853,-0.002594267084,0.05418281852,0.1848669898,-0.2189484299,0.002935777823,0.4296949381,8.161865252,0.005992475815,1.577931309,0.00120002913,0.07479515836,0.3108684554,-0.2807032124,0.005594315714,0.740962806,11.15143468,0.1574702416,2.802833274,-0.2826267298,2.790510921,11.32176217,-11.3981568,7.786951198,23.87256907,478.4616481,3.469710006,4142.410934,-0.09611637089,2.242546062,5.154675689,-10.9578565,5.029012841,17.97637825,389.6656835,2.268719157,2694.771531,0.08339674472,2.53364193,9.186785459,-7.948122716,6.41934143,22.21394871,463.6600828,4.135416332,3355.89901,2
0.001476624,0.019434224,0.099403707,-0.04756546,0.000377689,0.212744998,3.023091941,0.052529039,0.182283571,0.000190559,0.00755187,0.0207784,-0.025918877,5.70E-05,0.050836484,0.961339954,0.000135873,0.031598851,-0.001971703,0.017927184,0.041779135,-0.087512882,0.000321384,0.197202774,3.132093678,0.049306527,0.155952613,-0.021551428,0.21756272,0.532766948,-0.60312446,0.047333537,1.621365914,40.39649803,0.00807678,26.00263973,-0.005671694,0.356491909,0.727898319,-4.414727429,0.127086481,5.965221436,47.57886922,1.796690937,40.56023636,-0.013688166,0.312479175,0.822732167,-0.943945198,0.097643235,2.91710163,49.070599,0.423210511,50.09123536,3
-0.004392722,0.026120716,0.10192308,-0.197165132,0.000682292,0.429520575,3.309804358,0.162268066,0.235782476,-0.001644041,0.014345622,0.037100463,-0.099970892,0.000205797,0.185662323,1.979051854,0.054323457,0.090423547,0.003647709,0.028688017,0.300079652,-0.073225666,0.000823002,0.440935109,4.893263587,0.163756357,0.3065381,0.067881635,0.266311426,1.013250672,-0.589676737,0.070921776,2.547646472,45.34042019,0.475833573,38.75639101,-0.015643325,0.21824016,0.494475464,-1.344765382,0.047628768,2.153000932,33.52419663,0.344794447,24.04104691,0.016992735,0.373930078,3.130250844,-1.084287313,0.139823703,6.032531751,44.26879136,1.724515124,47.53621063,3
-0.00238873,0.024989485,0.053108593,-0.172963343,0.000624474,0.322065819,4.946665925,0.09566328,0.273757374,5.66E-05,0.0121231,0.037068376,-0.086618981,0.00014697,0.160766033,1.794307582,0.033960532,0.062190964,0.002142176,0.020180731,0.094777656,-0.100880065,0.000407262,0.304944768,2.717305688,0.1065941,0.15371192,0.109644151,0.398790813,1.759663149,-1.186270557,0.159034112,2.735972117,71.16954222,0.029803185,94.98899369,-0.025405919,0.346260585,1.023450912,-0.858944043,0.119896392,3.46007174,55.25617744,0.720687764,60.23311908,-0.021751905,0.761925955,2.282233392,-6.135763363,0.580531161,10.29635541,124.0649022,3.25038496,242.0071179,3
0.001106506,0.022721454,0.101599511,-0.05249514,0.000516264,0.233677062,5.024129192,0.054192487,0.255372066,0.001007331,0.012913161,0.097559482,-0.030047322,0.00016675,0.17048373,1.879528257,0.05242369,0.071427216,0.001840738,0.027184224,0.101746601,-0.088706101,0.000738982,0.263610348,4.269565496,0.05268779,0.375192814,0.160434143,0.643627777,3.77137555,-1.909754939,0.414256715,4.692519701,113.8028098,0.188057969,241.5634997,-0.018670725,0.298669326,1.408666786,-0.984787476,0.089203366,2.760955793,48.95149344,0.474446354,46.01909712,0.011873422,0.52283118,1.298237069,-2.363804193,0.273352443,4.741658872,89.50059586,0.874073211,141.3393712,3
-0.003312422,0.021565496,0.058492063,-0.099577569,0.000465071,0.234274771,3.338242133,0.049655034,0.230275918,0.000511634,0.009735345,0.040660047,-0.021544022,9.48E-05,0.070720261,1.228927866,0.001099209,0.051927091,-0.00190801,0.03275656,0.197446781,-0.281863983,0.001072992,0.58674283,4.629931368,0.10706347,0.300639484,0.033687149,0.480173171,2.800679419,-1.462459077,0.230566274,4.114163288,72.3079003,0.472214243,121.8637532,-0.084214793,0.620469774,0.98878689,-4.772793733,0.38498274,7.425195504,83.25360773,1.998235084,179.7264118,0.016003384,0.334541699,1.15680093,-0.947821323,0.111918149,3.170818937,54.05942616,0.570926527,57.13854321,3
-0.000995701,0.008161022,0.017571562,-0.027580061,6.66E-05,0.054591185,1.352589033,0.000262408,0.037509422,0.000691404,0.002857467,0.016895126,-0.003136167,8.17E-06,0.020710848,0.414842623,0.000298259,0.004748792,0.002993804,0.018285007,0.099373802,-0.043115995,0.000334341,0.214309783,2.80825065,0.055655923,0.159719587,0.025561302,0.249193298,0.628387421,-0.659485213,0.0620973,1.64916829,42.0476539,0.007819955,34.86855462,0.0335615,0.268723379,0.657044162,-0.930954109,0.072212254,2.317042902,40.6242376,0.33225623,38.56227719,-0.029476184,0.102358455,0.201212146,-0.236090658,0.010477253,0.744342585,17.84324575,0.049279834,6.243136048,3
-0.001182698,0.007673974,0.025491051,-0.020889316,5.89E-05,0.054435164,1.098442093,0.001237003,0.033151112,0.000188862,0.005020617,0.016343382,-0.014884448,2.52E-05,0.034096424,0.858450675,4.44E-05,0.013957585,0.003317204,0.022417266,0.096543564,-0.040723072,0.000502534,0.180119277,3.784071891,0.000810063,0.275177103,-0.003672274,0.255901292,0.878311185,-0.679197583,0.065485471,2.719467918,36.92492487,0.660819782,31.8383828,0.033012687,0.273988426,0.998957351,-0.617469316,0.075069658,2.085497735,49.11830402,0.133355386,41.2713266,-0.049947751,0.135432009,0.205646786,-0.516867037,0.018341829,0.904258094,29.96865052,0.006545568,11.66593965,3
0.0018926,0.016078321,0.047840962,-0.100490539,0.000258512,0.183252099,2.320472357,0.049442222,0.123416753,-0.000862393,0.006876915,0.028704354,-0.019595582,4.73E-05,0.054476876,1.250158332,0.003994978,0.025806384,0.004586916,0.019683465,0.047170493,-0.19046282,0.000387439,0.298308371,2.752149793,0.100180927,0.155711839,-0.002004048,0.247761905,0.949527717,-1.16028304,0.061385961,2.588528443,42.92396697,0.494064168,30.07212116,-0.016404287,0.322385806,1.336736506,-0.973018715,0.103932608,2.874858794,47.51321614,0.433726863,54.1522796,0.024545523,0.268619782,1.969858216,-0.51171088,0.072156588,3.02762098,38.32654964,0.631389622,34.41679674,3
0.003308923,0.023309516,0.100226856,-0.092333981,0.000543334,0.255144473,3.842540862,0.053086752,0.266927456,0.001360858,0.00782146,0.034842755,-0.022922792,6.12E-05,0.061507322,1.163306373,0.000494514,0.033971974,0.002815208,0.022956313,0.091654998,-0.086225126,0.000526992,0.241912533,3.633271326,0.048062305,0.261901942,-0.048929798,0.588800194,1.346764155,-3.718462183,0.346685669,5.493403748,86.5401939,0.806856641,178.9237061,-0.11943543,0.642266198,5.548626573,-4.328794562,0.412505869,9.941966201,71.66125818,3.318419451,156.8072165,0.171446683,0.657682821,3.186883982,-2.28033979,0.432546693,7.955451888,102.8680096,2.104190846,213.4426331,3
-0.000888092,0.026946743,0.089324442,-0.082623092,0.000726127,0.256994798,4.377283975,0.050145377,0.369376942,-0.001009232,0.011173552,0.041235819,-0.04906198,0.000124848,0.07336419,1.971275504,0.000210698,0.07001293,0.00510483,0.022752149,0.061314395,-0.054832362,0.00051766,0.147281456,4.735243174,0.002158606,0.304022243,0.031908854,0.287403092,0.97885883,-0.666434527,0.082600537,3.024828711,60.55097026,0.694980281,40.93903792,-0.020641021,0.313662809,0.69352123,-1.241794242,0.098384358,2.420203876,54.75837139,0.258257449,53.33047464,0.038005861,0.564944513,1.384923305,-1.729986816,0.319162302,4.050807458,103.2357385,0.282677426,175.6358453,3
-0.494282683,0.0486742,-0.302453001,-0.598201082,0.002369178,0.837977678,296.5696096,0.048755545,147.3061531,5.368778549,0.07892613,5.479257545,5.18749359,0.006229334,5.844588854,3221.26713,0.103250741,17263.84202,8.262635927,0.059893551,8.395611444,8.104698149,0.003587237,8.569634057,4957.581556,0.00244748,40891.4016,0.051954251,0.309659458,0.986121393,-0.632884709,0.09588898,2.650101555,49.77606041,0.358610526,52.03400728,0.029605537,0.293275935,1.374318424,-0.596287963,0.086010774,2.841023658,45.2815941,0.58700418,43.97493076,0.001943338,0.17485322,0.460485198,-1.044568638,0.030573648,2.101447522,24.47677502,0.527343379,13.89979965,3
-0.34157245,0.053255309,-0.24869708,-0.509472146,0.002836128,0.630828502,204.9434699,0.000400838,71.30393914,5.617716534,0.098451792,5.798666666,5.366912794,0.009692755,6.3174259,3370.62992,0.148029248,18901.13952,8.138257986,0.059192023,8.292896318,7.903601202,0.003503696,8.583697965,4882.954792,0.0453208,39667.16467,0.036408856,0.510280839,2.303186577,-1.079188299,0.260386535,4.645175642,89.21473162,0.672052691,135.1892405,-0.057718696,0.387799271,0.983524925,-1.441353825,0.150388275,3.036538733,58.39454252,0.265519561,82.86087785,-0.036418342,0.224425743,0.625102218,-1.44536635,0.050366914,2.363385635,43.0401728,0.454484434,25.37996732,3
-0.322459655,0.067576368,-0.139704949,-0.443439883,0.004566565,0.793838731,193.4757931,0.032899304,64.49333033,5.598449449,0.115619154,5.778012082,5.299305885,0.013367789,6.451379419,3359.069669,0.174113715,18771.96875,8.157286787,0.073302086,8.329778516,8.006042412,0.005373196,8.766405619,4894.372072,0.148199746,39851.16531,-0.017752753,0.354878495,1.155200756,-1.859980451,0.125938746,3.484487762,55.33021736,0.619415202,63.48475014,-0.052701084,0.401196109,0.792469019,-1.386354188,0.160958318,3.066023882,58.27014545,0.202450387,88.67997236,-0.12281677,0.403494081,1.205815893,-2.020744272,0.162807473,3.905731198,73.69006216,0.683868711,91.31731583,3
-0.330879279,0.07623094,-0.19647791,-0.500770914,0.005811156,0.818300939,198.5275672,0.051040711,68.49992435,5.955059643,0.031651692,6.007587097,5.797104705,0.00100183,6.235643402,3573.035786,0.05502425,21239.35806,7.899011152,0.054312311,8.50475415,7.807861055,0.002949827,8.633426158,4739.406691,0.223685042,37363.85721,-0.042553444,0.333991091,0.672208895,-1.529849745,0.111550049,3.443583192,47.78505128,0.70677862,56.0466915,-0.151669257,0.605583282,1.910171697,-7.578931063,0.366731111,10.43109826,91.00155394,4.037228846,124.6662627,0.04088592,0.273694695,0.681864653,-1.308293217,0.074908786,3.278273481,50.79838893,0.932489615,35.12628084,3
-0.52386119,0.050701546,-0.384909629,-0.645658281,0.002570647,0.899208895,314.3167138,0.054806363,165.3895683,5.356284689,0.07611046,5.502242181,5.175945128,0.005792802,5.741980533,3213.770813,0.049471223,17184.37095,8.282996043,0.056025008,8.413605516,7.998314565,0.003138801,8.772731543,4969.797626,0.114325882,41089.7334,0.069642274,0.371831977,1.179231708,-1.407079811,0.138259019,4.402830741,59.45621564,1.186505927,66.34226161,0.039294545,0.409276817,1.57446046,-1.351077692,0.167507513,5.30232905,56.29540886,1.600643906,73.1487436,-0.023547367,0.176785119,0.495959143,-0.520543352,0.031252978,1.449288328,31.80822382,0.140346528,16.95278455,3
-0.393939605,0.100058144,-0.14063885,-0.626232831,0.010011632,1.050152266,236.3637633,0.100884989,98.00719557,4.991422536,0.084376691,5.137283899,4.718887249,0.007119426,5.68660136,2994.853522,0.150072589,14920.50646,8.516366962,0.067985653,8.798808147,8.301318161,0.004622049,9.305062926,5109.820177,0.257520678,43433.28815,-0.015654921,0.372140412,0.986564257,-2.418635138,0.138488486,4.689675392,50.49077799,1.399259264,61.10859385,-0.025971487,0.451984776,3.183864682,-1.244635793,0.204290238,5.983638153,65.73403577,1.848062951,86.97063792,0.11474979,0.305399652,0.716602513,-1.268026532,0.093268947,2.736724212,68.84987397,0.173739871,56.27894869,3
0.079242618,0.080260543,0.23180294,-0.177575664,0.006441755,0.581391225,47.54557074,0.00492452,7.288230872,5.133403733,0.053148479,5.271194717,5.009381995,0.002824761,5.404479083,3080.04224,0.000898048,15783.58397,8.449930135,0.042444357,8.554763495,8.313637257,0.001801523,8.788582489,5069.958081,0.052394765,42764.63151,-0.031220583,0.332952322,0.738211113,-0.792319506,0.110857249,2.597722724,52.52833299,0.249026999,60.24016366,-0.072604282,0.254393766,1.226225609,-0.624912229,0.064716188,2.884005654,43.78290679,0.734958485,33.61033705,0.162042799,0.373100639,2.884616208,-1.246479524,0.139204087,5.938865787,97.22567945,2.201408858,63.86784243,3
-0.222106644,0.071539007,-0.035816122,-0.371379627,0.00511783,0.634620208,133.2639861,0.007060405,32.26165373,4.388572992,0.21215615,4.976148236,4.072812463,0.045010232,6.062342735,2633.143795,0.398865061,11545.95287,8.88815186,0.112829017,9.100753101,8.542266203,0.012730387,9.804468862,5332.891116,0.196727966,47311.04399,0.027148124,0.312348718,0.921777165,-0.907421027,0.097561722,2.337047544,44.24506239,0.128689219,53.41989245,0.157798559,0.461790229,1.499914138,-1.927011682,0.213250215,5.277842479,94.67913561,1.370150125,114.8214889,-0.026135213,0.321325747,1.930073565,-1.177299635,0.103250236,4.057088237,42.47236509,1.15120985,45.79675602,3
0.449995821,0.112132739,0.615468884,0.101124567,0.012573751,1.352231968,269.9974924,0.199584754,127.2008889,5.046500374,0.032092817,5.110119228,4.986089367,0.001029949,5.222698726,3027.900225,0.001679028,15253.63997,8.483565572,0.033743148,8.555355172,8.383557072,0.0011386,8.692111264,5090.139343,0.004375225,43107.66011,-0.071010532,0.234682271,0.452755066,-2.2065461,0.055075768,2.772891488,42.60631928,0.528388638,28.32695535,-0.106017123,0.254977669,0.838228738,-0.686699795,0.065013612,2.05861282,63.61027371,0.144858538,41.44904494,0.114907013,0.305311855,1.932721235,-0.735147896,0.093215329,4.194001323,68.94420798,1.368936817,46.16850774,3
0.062035906,0.092768078,0.204510352,-0.263154134,0.008605916,0.615398413,37.22154378,0.05105029,7.085300884,4.856395918,0.058192109,4.938762647,4.739920396,0.003386322,5.103066081,2913.837551,0.001167746,14126.73591,8.609250456,0.050396451,8.897502148,8.487511061,0.002539802,9.027405318,5165.550274,0.057266266,44391.54335,0.045241951,0.213581487,0.560666842,-0.536329182,0.045617052,1.931017663,34.36814623,0.31547421,24.82388528,-0.060915907,0.231197905,1.178889509,-0.559678573,0.053452471,2.029546758,36.54954405,0.26999624,30.12541874,0.105886792,0.219013755,0.616503469,-0.607017408,0.047967025,1.726085692,63.53207524,0.140823557,32.48008374,3
-0.2835448024,0.1062030886,0.2246595689,-0.4600317033,0.01127909604,1.305834406,170.1268815,0.2389920201,53.28956802,7.837136106,0.06838651695,7.986614786,7.702509501,0.0046767157,8.359465882,4702.281664,0.1009324812,36785.34209,6.147612959,0.1069298705,6.531768952,5.864879367,0.0114339972,6.981547535,3688.567775,0.1196188228,22633.99401,0.14532953,0.9237397432,2.484956323,-1.485704023,0.8532951132,6.603216882,185.2989508,0.3302093838,480.193703,-0.1463620697,0.7771661147,2.421950114,-2.668315946,0.6039871698,8.430520064,139.6265299,1.952550095,303.5677594,-0.002825979428,0.2675913694,0.8092494912,-0.866055529,0.071605141,2.232660325,40.54165065,0.2398983242,37.91149903,4
0.1249848419,0.229041502,0.750392422,-0.373519717,0.05246000964,2.060344794,74.99090512,0.4010376844,36.55125152,7.901966989,0.08949269609,8.128937401,7.727340138,0.008008942654,8.421068943,4741.180193,0.04899596916,37398.53233,6.032140943,0.1253151526,6.269820587,5.487503016,0.01570388747,7.015181756,3619.284566,0.2200805124,21792.22847,-0.02520640248,0.8425394532,1.853779598,-3.21325977,0.7098727302,7.419571255,159.3718804,0.8547775302,370.5449454,-0.2583250693,1.147463216,2.306133804,-3.431030008,1.316671833,9.084140451,192.348655,0.7922092298,746.2039251,0.0341546989,0.4447373865,1.465142403,-1.390854682,0.197791343,4.561714253,69.19140489,1.0289267,98.36770358,4
-0.08418148938,0.06418749047,0.1053425326,-0.233559596,0.004120033933,0.5373802297,50.50889363,0.04207517847,6.431036707,7.873969108,0.06852829137,8.012832836,7.598726434,0.004696126717,8.388176101,4724.381465,0.1066611667,37132.08519,6.076164391,0.1102142508,6.634330477,5.820250066,0.01214718107,7.058589098,3645.698635,0.1950696977,22109.31671,0.2257566458,1.195315974,2.843413338,-3.2100313,1.428780278,10.71683093,168.8654345,1.504531302,771.568559,0.05643224801,1.083272574,5.304570896,-2.715468736,1.173479469,10.18725024,161.6528314,1.968611522,601.0448937,0.08011584169,0.275795128,0.9901239435,-1.503104752,0.07606295263,3.51774734,48.06950501,0.9203249129,37.03829113,4
0.1323143317,0.1162467017,0.3169364469,-0.2460430693,0.01351329565,0.8249041449,79.38859899,0.1024629766,17.91824666,7.795859518,0.06173962077,7.925592199,7.677057572,0.003811780773,8.221331045,4677.515711,0.05490715891,36399.94835,6.172994728,0.09854490774,6.366708249,5.94849654,0.009711098841,6.927581911,3703.796837,0.1151362683,22821.34391,-0.07185690768,0.8048668867,2.585055986,-2.516861448,0.6478107053,6.433837631,105.7132524,0.009220447867,349.7423949,-0.03010415686,1.008141796,7.028937396,-2.874475297,1.01634988,12.65973514,176.3862117,3.643701624,449.0684404,-0.03068058897,0.5293040065,1.052003106,-6.086729001,0.2801627313,9.070892362,62.28990764,3.63539393,86.10116695,4
-0.1638186663,0.1520935452,0.2758336313,-0.5904097397,0.0231324465,1.610939721,98.29119978,0.3284744948,27.36314192,8.052551348,0.1949346572,8.533061987,7.786220519,0.03799952057,9.085301362,4831.530809,0.1373774427,38846.36894,5.852341153,0.3240480475,6.325573193,4.411916325,0.1050071371,8.838846728,3511.404692,0.9290943827,20534.71225,7.24E-05,1.081478158,7.364906948,-1.870087105,1.169595006,14.37013041,154.3932656,0.04344291769,494.0867635,-0.2230373605,1.161884116,7.109390875,-2.859848482,1.349974699,14.29743407,143.5044421,3.600463138,634.0656222,0.07425501496,0.6105589027,1.882101742,-2.876109691,0.3727821736,5.215508228,94.77068244,0.6507715923,199.4032803,4
-0.04565298372,0.0761047922,0.1386873311,-0.3974841227,0.005791939396,0.8678593372,27.39179023,0.223999167,3.966708822,8.129167044,0.07427659676,8.26427408,7.686535101,0.005517012827,8.89615698,4877.500226,0.2155910986,39574.17718,5.71816555,0.13648382,6.61925996,5.443403145,0.01862783312,7.351749096,3430.89933,0.4851645098,19575.56021,0.1603455006,0.7832327774,1.98383107,-1.948328165,0.6134535836,5.771184824,110.5987163,0.1692869172,349.5785301,-0.1126763266,0.8855194479,2.506992591,-2.053805371,0.7841446925,6.267192448,181.1013398,0.3332646431,438.0425424,0.0972012613,0.3819134897,1.235953385,-1.266979925,0.1458579136,2.581264711,65.58792663,0.02921755558,86.37481387,4
0.07862707377,0.1017375872,0.4866626872,-0.1993266397,0.01035053665,1.002980331,47.17624426,0.1949021387,8.903331943,7.921864841,0.140227978,8.218842356,7.606921704,0.01966388582,8.834087481,4753.118905,0.1516557722,37587.30311,6.016890106,0.1852524278,6.421949424,5.570749429,0.03431846199,7.269327541,3610.134064,0.2115735604,21689.49357,0.1234811163,0.9279141312,3.499868212,-4.404555824,0.861024635,8.578155865,121.3879247,1.076809011,451.31755,0.1456837511,0.9327505217,3.121059237,-4.326127384,0.8700235358,11.28265375,136.190339,3.019459851,406.5800755,0.05849276656,0.5269608708,2.204514139,-1.490991013,0.2776877593,5.505458413,73.64683396,1.177769545,138.0777377,4
0.1581648579,0.1736428564,0.5624981691,-0.3830049307,0.03015184156,1.284068085,94.89891476,0.08166374785,31.42179562,7.80249656,0.5691460093,8.41633073,6.76279536,0.3239271799,10.20676435,4681.497936,0.2630940333,36617.22588,6.10319795,0.6785818085,7.37171902,5.324803971,0.4604732709,8.956421685,3661.91877,0.2145573041,22545.02113,0.2205003482,1.611591561,6.823986432,-7.576882463,2.597227359,19.23875084,203.2479926,4.954716882,1214.781896,0.01097920481,1.480130649,3.563276197,-4.14038622,2.190786739,11.2381071,262.9496389,0.9689611834,1186.058531,-0.05473987779,1.198534518,3.876970229,-7.525787654,1.43648499,11.98621246,165.7675093,1.826630316,718.5830925,4
0.04412537451,0.08718166168,0.2364315852,-0.3013982035,0.007600642133,1.017805635,26.4752247,0.2671545422,4.685085532,7.724997419,0.1026353802,8.046899081,7.481399491,0.01053402127,8.47972942,4634.998451,0.1063610506,35739.75514,6.266500561,0.1508518827,6.58500241,5.851299575,0.02275629051,7.142974195,3759.900337,0.01161117617,23524.02651,-0.03616331632,1.123268941,6.333399184,-3.427370516,1.261733114,15.62523282,163.0303444,5.129067214,512.4149056,0.003848729496,1.330934941,15.02858291,-4.481935611,1.771387818,24.26958201,175.6835092,2.309237698,472.0575796,-0.008703463414,0.5113548464,1.027381547,-4.683925921,0.261483779,6.681740623,74.9751486,2.085404874,112.028576,4
0.1522733731,0.08670352324,0.3865533612,-0.01132079914,0.007517500941,0.7676133275,91.36402389,0.05073654719,17.82606094,7.85519538,0.1485375255,8.058336293,7.225707321,0.02206339649,8.845226822,4713.117228,0.09639074168,36957.43461,6.07505677,0.1939011446,6.758072219,5.66339257,0.03759765389,7.286449139,3645.034062,0.0921887458,22113.21751,-0.01425613633,1.134010766,4.300759729,-4.956245418,1.285980416,10.40623477,174.455009,1.628118076,662.1344898,-0.1796195327,1.004077157,2.904384169,-2.924073434,1.008170937,9.87695518,142.0361605,1.8580603,525.6980534,0.03507602036,0.5080544931,1.973742628,-1.442865292,0.258119368,5.405352387,81.62032918,1.223685764,126.1338633,4
0.003257179012,0.05358563321,0.1485107548,-0.2082108688,0.002871420086,0.6000134235,8.604016526,0.1570820492,1.366330052,0.1244396338,0.03043317718,0.2311704299,0.003909693425,0.0009261782733,0.4359101015,74.66378026,0.05772686675,9.65589664,0.1029073021,0.05873903977,0.3901549931,0.006866927009,0.003450274793,0.7569776471,61.74438129,0.1550031124,7.847647144,0.2048890954,1.388708146,4.224708322,-3.155834068,1.928510315,11.20058516,210.7098258,1.00726657,1054.912295,-0.05871298507,3.216142394,6.2784785,-11.75126094,10.3435719,24.42203469,550.4671303,2.992990088,5601.432118,-0.2462822929,1.790065067,3.603700488,-4.990831029,3.204332943,11.97888588,459.2603273,0.8261945702,1812.294707,4
0.02705231751,0.05418038444,0.1837824367,-0.2036759616,0.002935514058,0.4700125237,16.2313905,0.05472080609,1.976557878,0.1177532407,0.04586417976,0.2058373097,-0.03660274202,0.002103522985,0.41408859,70.65194444,0.002391279394,9.408036329,0.09814073298,0.09912735397,0.6273764043,-0.2082775014,0.009826232305,1.110097693,58.88443979,0.2141642903,10.43255835,-1.60449902,5.43044218,7.960028919,-27.89774285,29.48970227,41.96133571,962.6994122,3.685622457,17448.22823,0.3850320699,6.325329194,35.43452508,-18.61500658,40.00978942,42.53482023,913.4340389,0.5822436506,22245.60275,0.09284509589,2.000944941,7.596616505,-3.888772837,4.003780655,14.67998156,393.5965743,1.200365135,2187.934881,4
0.002173917348,0.04589050352,0.09290667501,-0.1867893801,0.002105938313,0.3883446556,7.969909704,0.04799595121,1.113481028,0.1141112266,0.02648696302,0.2188565006,0.009284134608,0.0007015592102,0.3681084054,68.46673595,0.04929665532,8.097553388,0.1000437646,0.09203756106,0.4340250099,-0.2751972571,0.008470912645,0.9001770362,60.02625874,0.1110463661,10.26901087,0.04623778425,1.98587784,5.359009138,-6.810774198,3.943710796,17.21041741,331.8435305,2.71605817,2067.367059,0.2772739888,2.710076712,9.218224195,-7.770707348,7.344515784,19.55291669,546.480288,0.4932790669,4063.176923,-0.6423850104,1.615628754,4.091383083,-6.950984387,2.61025627,12.79770104,385.4310062,1.327264356,1647.357455,4
0.002282866846,0.149935018,0.4601383035,-0.864093189,0.02248050961,1.109674442,23.69805591,0.05904082624,12.23757478,0.1123789506,0.08812138518,0.4210065391,-0.3057189946,0.007765378526,0.6898811919,67.42737037,0.001825850269,11.7529428,0.06906273326,0.06519520788,0.2751528455,-0.1159730539,0.004250415131,0.6615349179,41.43763996,0.1070837567,4.970166891,0.2547749114,1.886922695,6.350494974,-6.496392009,3.560477256,16.04527603,346.6433035,2.24526939,1914.221147,-0.8572000247,4.057914165,11.39839743,-15.82876098,16.46666737,32.65239421,591.2205752,2.339687873,9238.230037,-0.4479191206,3.021525131,9.789378502,-16.55463892,9.12961412,21.13233438,475.9844334,0.1773428122,5142.442225,4
0.009057466948,0.05177174761,0.1528948673,-0.2036248686,0.002680313851,0.4622971076,7.557366331,0.06358461494,1.441012005,0.115235218,0.037994041,0.2565333183,-0.01115303577,0.001443547151,0.4465749174,69.14113082,0.0587917439,8.632748873,0.060732434,0.05464893847,0.2208562154,-0.2001277929,0.002986506476,0.5410961615,36.4394604,0.06164297049,3.709189447,0.2265993608,2.954966744,9.732302698,-8.639434463,8.731828456,19.90560496,425.6477813,0.2220503986,4864.940499,-0.03450307274,6.078265445,26.53027609,-21.64901792,36.94531082,46.21914532,938.5511474,3.326338688,19994.74606,-0.1297629771,3.484804931,20.37474965,-7.205767049,12.14386541,24.36183674,516.9940003,0.5481402814,6690.779348,4
0.01618431221,0.09927698135,0.3645389027,-0.2821241285,0.009855919026,0.7714364402,14.94648982,0.0433515022,5.860336681,0.1016437179,0.05380018991,0.2365635483,-0.04231254316,0.002894460435,0.4702187722,64.95033574,0.01059540704,8.227353668,0.04193571689,0.1498600712,0.2419922055,-0.5373431568,0.02245804094,1.394806316,26.79692309,0.2530252829,13.50649364,-0.4124596551,3.086831026,10.59744452,-8.009251542,9.52852578,24.4524485,525.3814486,2.457824675,5589.985786,1.068051129,6.477682614,19.96911513,-14.42684048,41.96037205,59.07634873,1267.814681,10.37095148,24009.63091,0.0902886056,2.606235859,7.438639414,-6.935421419,6.792465352,19.03005722,509.6253643,0.9639911608,3976.658966,4
0.01335404496,0.1217236555,0.4925001626,-0.449113227,0.0148166483,0.8938864418,17.80497369,0.04258295612,8.183137669,0.1285078351,0.05406883704,0.2777296563,-0.1025099426,0.002923439139,0.7574794223,77.10470106,0.1637127971,11.08592318,0.08313136638,0.1039097006,0.7925563625,-0.2944877767,0.01079722588,1.69121321,49.87881983,0.5899542091,7.75383063,0.2003842481,4.59358362,9.143819505,-15.5146648,21.10101047,36.11071539,663.0771299,3.212968031,11359.61381,-0.1921777976,4.883249624,14.42715068,-16.79172483,23.84612689,48.80297076,733.8657134,9.830610655,11924.25943,0.2040474208,2.367908527,7.300547596,-4.226945388,5.60699079,15.81605754,481.67696,0.2511600068,3133.421017,4
0.008659417784,0.07257778649,0.1798777411,-0.372798546,0.005267535092,0.9472342875,8.523870011,0.2664030915,2.302992034,0.1311459786,0.03311909412,0.3192435095,0.02963000954,0.001096874396,0.3882617029,78.68758716,0.0004027615528,10.82584124,0.08900314182,0.05474919232,0.3789720174,-0.03260579126,0.00299747406,0.6261970427,53.40188509,0.103758185,6.156299778,-0.06216051238,1.380279491,3.771578922,-5.025337909,1.905171473,13.65169411,199.2301644,2.532421108,957.147318,-0.275332793,1.203331944,5.027076615,-5.374828978,1.448007768,11.84900093,182.5122597,2.354943802,772.4427181,-0.5713465965,1.442467257,1.473084671,-6.944901634,2.080711787,11.19270887,342.8079579,0.1627176985,1316.931789,4
0.01801706087,0.04694638497,0.1953947665,-0.1610769727,0.002203963062,0.4227045791,10.81023652,0.05155847631,1.336263402,0.1192140749,0.02493343745,0.2020453879,0.04361280442,0.0006216763032,0.3731675067,71.52844494,0.05160631039,8.760327509,0.07889930475,0.07282082329,0.3978374973,-0.1727008871,0.005302872305,1.040576634,47.33958285,0.1575892017,5.828680954,-0.5464318502,3.238291134,7.069389591,-17.14045414,10.48652947,26.73839136,583.0645139,3.7596191,5745.64224,0.1967766609,2.212187275,9.551110296,-3.021470509,4.893772541,14.93916893,478.0034734,0.7340677587,2731.423616,-0.07630874912,1.428262086,3.722910068,-7.390414013,2.039932588,11.77473825,237.2308595,1.628361975,1086.768974,4
-0.01427893646,0.1270815833,0.1304921304,-0.8655221384,0.01614972882,1.041251947,16.71043267,0.08777762462,8.711814762,0.1244563574,0.04704101735,0.3831605172,-0.03517019908,0.002212857313,0.5400998353,74.67381443,0.05067796243,10.32742463,0.09646748202,0.06914541563,0.2864980088,-0.1212649563,0.004781088503,0.5773514628,57.88048921,0.007176241209,8.114122354,0.05083092914,2.14949159,8.33569435,-6.454594497,4.620314095,16.37838331,410.8245417,0.8203222038,2500.866973,0.3620692079,2.882981517,8.426856485,-7.14176764,8.311582426,20.3961501,508.7153194,1.613512023,4641.291401,-0.5862607138,2.97738215,3.635849642,-16.2198445,8.864804465,19.66048427,595.4219819,0.6701563445,5129.704208,4