accelerationX,accelerationY,accelerationZ,alpha,beta,gamma,__v
1.4970345174891426,7.105926831779292,6.597779672840396,5.8901234453157585,3.8364082527058043,-2.5638241012061176,0
1.5369323299559683,7.094543333082603,6.581338963448528,5.045700228965314,3.2275971267923405,-2.263268904931042,0
1.5753023769452592,7.083498800069527,6.5655756484894505,4.210650015386366,2.639450878161572,-1.9603045159798436,0
1.611055936490984,7.073036508789193,6.5509772648940165,3.4007707955447244,2.08746794092372,-1.6586727134864725,0
1.6432703777372832,7.0633488638839985,6.5379771223229195,2.6313183331140757,1.5849229318041698,-1.3624070322603057,0
1.6712326805567181,7.054573681599995,6.526934341977273,1.916214905103992,1.1422433634441458,-1.0755918412591519,0
1.6944693533950015,7.046793708293503,6.518118289895523,1.26737875917496,0.7665834673910147,-0.8021493356943128,0
1.7127610914385125,7.040039172716856,6.511698226405002,0.6942111748518486,0.4616194759931741,-0.5456683190867947,0
1.7261417071968639,7.034292966108002,6.507738575138204,0.20326047107873318,0.22757162324342994,-0.30928157625276476,0
1.7348820127423934,7.0294978935057015,6.5061998078071515,-0.201933535566729,0.06143971363031332,-0.09559179304151098,0
1.7394603510747781,7.02556534827614,6.5069445819895755,-0.5208241237012547,-0.042576901105658635,0.09335981504083109,0
1.7405222983340782,7.022384726875601,6.509748486421712,-0.7556905850988759,-0.09251640770035809,0.25609208438066056,0
1.7388326417974749,7.019832918417573,6.51431455378825,-0.9113453386047888,-0.09799795539972962,0.3916615870071477,0
1.7352230587758042,7.017783267774274,6.520290585806805,-0.9947448518499599,-0.06952369820453078,0.4996311100607362,0
1.7305389854023414,7.016113509916165,6.527288279041477,-1.0145352885815568,-0.01779014884565849,0.5800385129095874,0
1.725588999811246,7.014712290448742,6.5349031268197875,-0.9805630866748871,0.04694596999074748,0.6333720429947293,0
1.7210996885179377,7.01348400879008,6.5427340964542795,-0.9033783123902621,0.11541062475879742,0.6605540111329982,0
1.7176784555347675,7.012351841335426,6.55040213572094,-0.7937549845547145,0.1797375705528061,0.6629306621577418,0
1.7157861043939695,7.011258926938534,6.5575666394994805,-0.6622480517132193,0.23375992985909166,0.6422629082466491,0
1.7157203045324674,7.010167832266998,6.563939104911759,-0.5188019368889901,0.27316304528305435,0.6007109876872279,0
1.7176102834318852,7.0090585551933104,6.56929333521249,-0.372421220575973,0.2955030076877297,0.5408064636980209,0
1.7214223211105302,7.00792544742688,6.5734717416335675,-0.23091056650637157,0.30010363350671726,0.46540717291985795,0
1.7269749337632994,7.006773511511062,6.576387548919451,-0.10068835308336983,0.28785150284359834,0.3776340360821776,0
1.7339620772356479,7.005614533616319,6.57802301585797,0.013323805710800062,0.26091357605098375,0.2807919334606358,0
1.7419823082051393,7.004463459293148,6.578424090240119,0.10773583136571102,0.2224045553068265,0.17827915643827955,0
1.7505716174329782,7.00333532806078,6.577692172984011,0.18065102668424088,0.17603153527350915,0.07349089426133548,0
1.7592375929458972,7.002242977274315,6.575973826252046,0.23156055990421492,0.1257419107940657,-0.03027797200737521,0
1.7674926763375738,7.001195620450725,6.573449307803728,0.26117905782909273,0.07539744412489359,-0.12992628943604773,0
1.7748845290384527,7.000198307968987,6.570320756894022,0.27123277907966103,0.02849326868412225,-0.22263267714788693,0
1.7810218984065858,6.999252193759244,6.566800723684556,0.264214757960889,-0.01206425211736259,-0.3059312890497648,0
1.7855948202746252,6.998355463841404,6.5631015608391134,0.243123733922756,-0.04411222271868428,-0.3777748355901536,0
1.7883884626160893,6.997504733799569,6.559426016867595,0.21120505246663776,-0.06631538890864344,-0.4365827550284915,0
1.789290360523882,6.99669669381652,6.555959213345248,0.17171153436674771,-0.07818196942882025,-0.4812728173849112,0
1.7882911900797192,6.995929772018386,6.552862073286141,0.12770026413856317,-0.08001783586016634,-0.511274882667451,0
1.785479568020816,6.995205598865214,6.550266207771565,0.08187735956546609,-0.07282907496601741,-0.5265259639723211,0
1.7810316441750014,6.9945300854861365,6.548270259977173,0.036497441674767594,-0.058185039525997365,-0.5274462459275483,0
1.7751964763560977,6.993913974610659,6.546937729099498,-0.006681543945675656,-0.03805496463283906,-0.5148965321095149,0
1.7682783430589726,6.9933727806449815,6.546296316420676,-0.04639339799734873,-0.014631327050018796,-0.4901189241687807,0
1.7606172529461426,6.9929261012288695,6.5463388175528205,-0.0818186987350665,0.009847511901689945,-0.45466420840959637,0
1.752568942750744,6.992596351269411,6.547025512122044,-0.11251285493125214,0.033264117770044566,-0.4103109539425085,0
1.7444856093138137,6.992407036266209,6.548287884678615,-0.13832094187615118,0.05376872797538312,-0.35898219130804676,0
1.7366984959274891,6.9923807383683165,6.550033381713256,-0.15929155018513835,0.06989839329393045,-0.3026654691734479,0
1.7295032532250894,6.992537029138105,6.552150812761435,-0.1755987801430034,0.08066307499833361,-0.243341128570502,0
1.723148729524253,6.992890540201401,6.554515974255848,-0.1874778914032211,0.08559545797855132,-0.18292207932863766,0
1.7178295294627266,6.993449410208863,6.556997125439927,-0.19517693598769698,0.08476355267826252,-0.12320659736029636,0
1.7136823410337458,6.994214280643959,6.559460059462859,-0.19892448018278366,0.0787474874799027,-0.06584401546144318,0
1.7107857138384381,6.9951779385728265,6.561772649884197,-0.1989122344835001,0.06858402410160215,-0.012311846790904407,0
1.7091627238240226,6.996325615526441,6.563808868619791,-0.1952906891219982,0.05568401821486184,0.03609807030255895,0
1.708785815710536,6.997635867154787,6.565452339535369,-0.1881753134223503,0.04172914842759866,0.0782873685501115,0
1.7095830827536231,6.9990818931598655,6.566599515589822,-0.17766040583808682,0.028554756715897987,0.1133559988895602,0
1.7114453109638166,7.000633117847424,6.567162567764646,-0.16383747760711678,0.018025704555624272,0.14060699206857555,0
1.7142332532891964,7.002256838222611,6.567072066629052,-0.14681539192279058,0.011911907825955843,0.15955339390473353,0
1.7177847745598347,7.003919756244304,6.566279519120021,-0.12674037437125643,0.011769801473463671,0.16992871850262578,0
1.7219216877607333,7.005589242317795,6.5647597791570185,-0.10381508223082285,0.01883548108054806,0.17170108911601512,0
1.726456259173545,7.007234226475395,6.562513273568967,-0.07831663091374268,0.03393470265605958,0.16508988451274698,0
1.7311974721488996,7.0088256781809335,6.559567886548412,-0.05061349366021222,0.057414297859846045,0.15058233472483595,0
1.735957191048269,7.0103367062507305,6.555980252550804,-0.021180570920098292,0.08909886472337449,0.1289463359670029,0
1.7405563514510858,7.01174237305853,6.551836143715002,0.009389199128975914,0.1282757726140285,0.10123501969080896,0
1.7448312235321772,7.013019359555146,6.54724961674687,0.0403791683902073,0.1737104925830173,0.06877851445368262,0
1.748639666818996,7.01414563486171,6.542360610478373,0.07095222669178969,0.2236929699256073,0.033158980205352795,0
1.7518671429182653,7.01510027746411,6.537330763228121,0.10016594409029168,0.2761142018648389,-0.0038336708011156777,0
1.7544321147234936,7.015863566158256,6.532337354784147,0.12700195849448193,0.32857043320489937,-0.04026608409225533,0
1.7562903707885278,7.0164174097970164,6.527565472165323,0.15041066929490407,0.37849051647250087,-0.0741443284771743,0
1.7574377913656216,7.016746121305024,6.523198737121659,0.16937042707865713,0.4232800927658667,-0.10351155475976255,0
1.7579111189749679,7.0168374743992015,6.519409182863857,0.18295821549253444,0.46047448826879894,-0.12655458334599334,0
1.7577864013450255,7.0166839247691515,6.516347077329645,0.19042666240569112,0.4878908388437484,-0.14171195479069948,0
1.7571749255705824,7.0162838429111964,6.514131605112277,0.19128045851819464,0.5037692460236338,-0.1477751525470979,0
1.756216647428774,7.015642598057981,6.512843300177799,0.18534420609146002,0.5068929510216523,-0.1439747992702104,0
1.7550713272513743,7.014773347402879,6.512518961382198,0.17281355640832582,0.4966786406221808,-0.13004459170142216,0
1.7539077990372998,7.013697413422003,6.513149516406078,0.15428226556734856,0.47322995610356244,-0.1062573754739499,0
1.7528920011399076,7.012444169135275,6.514680986474801,0.130739433810891,0.437349853804346,-0.07342981147175018,0
1.752174557254431,7.011050396488211,6.517018405857841,0.10353357484403736,0.39051042416041104,-0.03289431994073082,0
1.751878790748999,7.009559135881943,6.520032310802527,0.07430315197409063,0.3347818643978068,0.013560770460041933,0
1.7520900722071604,7.008018097847739,6.523567250488451,0.044876613370415035,0.27272524184351693,0.06377984470518099,0
1.7528473433983478,7.0064777490523555,6.527451683123336,0.017148408254550322,0.20725618620782224,0.11535254550541911,0
1.7541375424905756,7.004989205501826,6.531508586195106,-0.007059515767286777,0.14148846608163887,0.16574390907598058,0
1.7558934856668609,7.003602065148916,6.535566113421077,-0.026139126616744432,0.07856741979435457,0.21243462649490052,0
1.7579955457635996,7.002362295514386,6.5394676602605495,-0.038828154914132565,0.021503439573396368,0.2530631428132936,0
1.760277213987654,7.001310266870365,6.543080746882691,-0.04432037458871493,-0.02698476071799561,0.28556079199420564,0
1.7625343446407598,7.000478994836639,6.546304185617444,-0.04234404212722761,-0.06460841399179722,0.30827102707292753,0
1.7645375824772145,6.999892633328557,6.5490730699659,-0.03320091892797694,-0.08962130613361316,0.32004420623788504,0
1.7660471862596596,6.999565243678672,6.551361218323842,-0.017761635055790936,-0.10090124882669999,0.3203005580164072,0
1.7668292249323962,6.999499861181319,6.553180847001288,0.0025831914770927866,-0.09799675010676687,0.30905601754395606,0
1.7666719662564803,6.999687887852365,6.554579439635751,0.026012987149641138,-0.08113702655806641,0.2869085229471422,0
1.7654012232828487,7.000108859645675,6.555634005640835,0.05040194734901583,-0.05120538994758943,0.25498576621545244,0
1.762893481263625,7.000730663390485,6.5564431464597375,0.07346925005121066,-0.009678089830918805,0.21485886831167203,0
1.759085794876757,7.001510301800805,6.557117546342233,0.09294361300053641,0.04146715168933171,0.1684295555945414,0
1.7539817094599603,7.002395306775498,6.557769656469196,0.10672994214706083,0.09986663930648398,0.11780074492654877,0
1.7476527927570176,7.003325868160633,6.5585034340137875,0.113065565419325,0.16290233170293084,0.06514164981839185,0
1.7402357250212586,7.004237677558577,6.559405014860993,0.11065420788884983,0.2278407077232159,0.012558419086164669,0
1.7319252406620758,7.005065399283888,6.560535125534187,0.09876746908927064,0.2919697981259152,-0.03802001178738018,0
1.7229635083350245,7.005746592001852,6.56192387552358,0.0773059884267282,0.35272593920585243,-0.0849334361711256,0
1.7136267597787431,7.006225828925954,6.563568336847063,0.04681546497541894,0.407803115075652,-0.12685459981297884,0
1.7042101265897145,7.006458709751001,6.565433051816879,0.008455937971674897,0.4552395127939884,-0.1628242921924996,0
1.6950117199354284,7.006415429177177,6.567453352807527,-0.03607398632272829,0.4934778990083204,-0.19225799374976624,0
1.6863169921587269,7.006083570117186,6.569541156339586,-0.08465308074684691,0.5213985182755845,-0.21492684161779033,0
1.678384353336211,7.005469829270189,6.571592716931407,-0.13488571862446394,0.5383253501779094,-0.23091729596744978,0
1.671432886595483,7.004600460316822,6.573497689740924,-0.18427178946895698,0.5440086121104023,-0.24057509323191684,0
1.665632825981657,7.003520329608524,6.575148749316916,-0.23038563536434736,0.5385881011345269,-0.24443983935459215,0
1.6610992470985315,7.002290605582565,6.576450949304992,-0.27105014455216553,0.5225430683986593,-0.2431768428903311,0
1.6578891916880716,7.000985226231564,6.577330001230436,-0.30449212494578476,0.49663470836323564,-0.2375124516531027,0
1.6560022189971741,6.999686392524845,6.577738717133162,-0.32946637696771,0.4618471051482663,-0.2281782626734431,0
1.6553841634853008,6.998479411903756,6.577661006599213,-0.34533841685566813,0.4193317588917583,-0.21586823035885203,0
1.6559336911163323,6.997447263737624,6.577113033906439,-0.3521192700453674,0.37035970851108224,-0.20121104385462749,0
1.657511089939334,6.996665279229268,6.576141405662373,-0.35044971750827864,0.31628380102834847,-0.18475833011997778,0
1.6599486054529446,6.996196322650694,6.57481854892787,-0.3415354130462775,0.25851188382856105,-0.16698741716746957,0
1.663061541239282,6.99608682875833,6.573235725820156,-0.3270381221065742,0.1984897837329875,-0.14831572521709982,0
1.6666593028480536,6.99636399150136,6.57149437833615,-0.3089317996133408,0.1376911814478216,-0.12912252449396097,0
1.6705555863103507,6.997034310348681,6.569696669401528,-0.2893351234417446,0.0776102345102597,-0.10977300757374604,0
1.6745770173703702,6.998083584247532,6.5679361560485665,-0.270334138483699,0.019752318124191186,-0.09063954212870005,0
1.678569733074132,6.999478308244226,6.5662894938992356,-0.2538095763499766,-0.03438135940798011,-0.07211564853260088,0
1.6824036397274278,7.001168292235558,6.564809944816345,-0.24128308525327266,-0.08331837243407375,-0.05461956015928892,0
1.6859743402106266,7.003090207919483,6.563523264701046,-0.23379509606923113,-0.12565044469176667,-0.03858589534902065,0
1.6892029600017209,7.005171697757837,6.562426308638345,-0.23182453915469964,-0.16007941071746587,-0.024445672503275503,0
1.692034287209516,7.007335658455332,6.561488431284574,-0.23525731943685493,-0.18547211570159136,-0.012596383909657975,0
1.6944337599276635,7.009504340927166,6.560655509790714,-0.2434065551182891,-0.20092136354681897,-0.003365019183330733,0
1.696383876067908,7.011602979124808,6.559856195775984,-0.25508331496813663,-0.20580900778240493,0.0030321671962690077,0
1.6978805722267039,7.013562753263099,6.559009817987742,-0.268712240246754,-0.19986643872338408,0.006528691048511405,0
1.6989300383889467,7.0153229884450425,6.558035207285255,-0.28248234033951497,-0.18322711443517686,0.007240901096037571,0
1.6995463257033059,7.016832573354268,6.556859607907231,-0.29451975133227865,-0.15646554723364195,0.005490469477421741,0
1.6997499761840178,7.018050652107623,6.555426793242604,-0.30306671323832535,-0.1206173916713483,0.0018124645995610746,0
1.6995677559246876,7.018946698335682,6.553703542708437,-0.30664983789793343,-0.07717600912107578,-0.0030535873618933156,0
1.6990334067976722,7.019500124748774,6.551683774860323,-0.30422124465972006,-0.028062104906933717,-0.008190682715871062,0
1.6981891575159218,7.019699607924856,6.549389874330101,-0.2952585378464135,0.02443525214058377,-0.012548707933213782,0
1.6970875820408475,7.019542308199801,6.546871076115036,-0.2798138225527304,0.07774575628632222,-0.015003879921738345,0
1.695793299472944,7.019033135325126,6.544199126404657,-0.2585075300522156,0.12913022968471063,-0.014429432924878851,0
1.6943840057279145,7.01818415909401,6.541461752919021,-0.23246888164781518,0.1758128999700283,-0.009772509402654823,0
1.6929504212651318,7.017014204938141,6.538754694249302,-0.2032303575702584,0.21512617151599914,-0.00013145523540372133,0
1.6915949080432655,7.015548622287463,6.53617313871935,-0.17258778932658211,0.24465891308082677,0.015172444425346859,0
1.690428707364481,7.013819175990994,6.533803420430395,-0.1424403277713915,0.2623983834297227,0.036534285423700234,0
1.6895679315958076,7.011863986310365,6.531715735441544,-0.11462556889166395,0.2668557690046606,0.06402040672055467,0
1.6891285793092512,7.009727423686437,6.529958495279854,-0.09076468639847082,0.2571659987455931,0.09734192810828896,0
1.6892209324555487,7.007459846552073,6.528554746634231,-0.0721306795539327,0.2331540325418869,0.13584868166981473,0
1.6899437475182046,7.005117057635618,6.527500873286449,-0.05955002007595343,0.19536204840165197,0.17854402180730353,0
1.691378681044128,7.002759356062228,6.526767576940747,-0.05334445050365577,0.14503463318032156,0.22412002040795964,0
1.6935853953298885,7.000450089383861,6.526302924695748,-0.05331591664602837,0.08406196651720944,0.2710116969753744,0
1.6965977661892016,6.998253666833377,6.526037069761267,-0.058773975518695565,0.014883877540256305,0.3174680124016842,0
1.7004215521739243,6.9962330779920405,6.525888116848888,-0.06860166516059867,-0.05963963126546568,0.3616363254633415,0
1.7050337749821038,6.9944470533495,6.525768531289137,-0.08135283395212159,-0.1363834263607153,0.4016560006905056,0
1.7103839024509857,6.992947081926239,6.525591493092019,-0.09537153354831042,-0.21212797779454942,0.43575602531130914,0
1.7163967324192138,6.991774546141276,6.5252766758188825,-0.10892268229825751,-0.28373456497134864,0.4623509059983567,0
1.7229766824658423,6.990958236057123,6.524755070683378,-0.12032310699518672,-0.34831309207923145,0.4801287650233405,0
1.7300130423588267,6.990512468096813,6.52397264504767,-0.12806316269599222,-0.40337094299616355,0.48812549674566935,0
1.7373856758761579,6.990435972494833,6.522892779000076,-0.13091089127277478,-0.446932739723625,0.48577928465619213,0
1.7449706721599654,6.990711648048709,6.521497531729875,-0.12799252832570124,-0.4776235273475866,0.4729609787786043,0
1.7526455284058355,6.991307225663617,6.519787842287159,-0.11884487650587482,-0.49471164208008206,0.44997789049593656,0
1.7602935720862396,6.992176837047677,6.51778278227553,-0.10343685747318579,-0.4981118156920814,0.4175512334164361,0
1.7678074755159534,6.99326344680027,6.515517977864543,-0.08215980878449589,-0.4883530396239394,0.376770174151637,0
1.7750918507015916,6.994502066496578,6.51304332494868,-0.055788868428427583,-0.46651842051902115,0.3290276551053754,0
1.7820650180640927,6.995823619916086,6.5104201355862115,-0.025420645991452943,-0.43416524796244205,0.2759444463603858,0
1.7886601133787425,6.997159265090075,6.507717864217441,0.007605389084689103,-0.393232984968198,0.219288221585575,0
1.7948257362234568,6.9984449057654095,6.505010559152586,0.0417933138488527,-0.3459455052290028,0.16089396646805842,0
1.8005263503105053,6.999625556996748,6.5023731714671875,0.07557674226970933,-0.29471226984257537,0.10259091196743138,0
1.8057426161287353,7.000659187256611,6.49987784286547,0.1073976201666256,-0.2420316975419721,0.046139668812559556,0
1.8104717679559075,7.0015196599235985,6.497590300112704,0.13577325456944844,-0.19039894497322518,-0.006818417967716985,0
1.8147280508130226,7.002198448589549,6.495566512504981,0.1593495329961834,-0.1422196770273917,-0.05479924532281969,0
1.8185431284255618,7.002704901537126,6.493849814346624,0.176940638819828,-0.09973102707947239,-0.09650214885488125,0
1.8219662822941924,7.003064969011255,6.492468737604803,0.18755732317169432,-0.06493065325886702,-0.13082625941020906,0
1.8250641614008771,7.0033184613850645,6.491435814962665,0.19042671415646623,-0.03951450005274356,-0.15687969391576426,0
1.827919822371421,7.003515052297142,6.490747577581826,0.18500670702824196,-0.02482358081818166,-0.1739846359863439,0
1.8306308246310985,7.003709358684751,6.490385873980456,0.17099732181273455,-0.021799855392747886,-0.18168133973011819,0
1.8333062107036908,7.003955509616719,6.490320482872281,0.1483502847693502,-0.030951145478943166,-0.179733628766517,0
1.8360623003316898,7.004301656395671,6.490512809189312,0.1172767988731272,-0.052325079103148486,-0.16813756155115842,0
1.8390173495969704,7.004784879962566,6.4909202779204165,0.07825231311169803,-0.08549235609887397,-0.1471336518899938,0
1.8422852631849875,7.005426921816429,6.491500913283809,0.03201629452503445,-0.12954020281704337,-0.11722150766675976,0
1.8459686874818722,7.0062311054559885,6.49221753547249,-0.020435318982234562,-0.18307766843217385,-0.07917419626889682,0
1.8501519395290031,7.007180731075931,6.4930410308234965,-0.0778670847390597,-0.24425524748725994,-0.03404832519292484,0
1.8548943247774745,7.008239121640704,6.4939522486512375,-0.13883178766322873,-0.31080196104989843,0.01681499134453068,0
1.8602244461890416,7.009351378783946,6.494942236342949,-0.20170915543296808,-0.3800832054480131,0.07180320786493241,0
1.866136091563544,7.010447778196742,6.496010723428353,-0.2647545438510432,-0.4491820913920185,0.12906366167252245,0
1.8725861970598456,7.011448603058227,6.497162979090317,-0.32615555745776464,-0.5150054549030553,0.18655577231251327,0
1.87949522794791,7.012270088372205,6.4984053712287135,-0.3840939414913946,-0.5744132370294311,0.24212452927013997,0
1.8867501080490148,7.012831037599368,6.499740132589599,-0.4368098633323622,-0.6243667425244237,0.2935929540213292,0
1.8942095873707783,7.01305958560234,6.501159980506361,-0.4826658126334645,-0.6620878207163525,0.3388683485703145,0
1.9017116882694147,7.012899529596425,6.502643326170614,-0.5202076661345513,-0.6852178418167032,0.37605452038802467,0
1.9090826479203866,7.012315644319837,6.504150820356822,-0.5482208117537793,-0.6919632062072598,0.403560296243069,0
1.9161466205963822,7.011297450532763,6.505623886157687,-0.565779420806599,-0.6812138193040982,0.42019402235759434,0
1.922735354383939,7.009861024702906,6.5069856740909895,-0.5722869470524354,-0.6526230001290554,0.42523477083494055,0
1.9286971260619232,7.008048618597564,6.508144563541341,-0.5675058984552935,-0.6066414341336627,0.41847360810797996,0
1.9339043799499964,7.005926079445014,6.508999984799071,-0.5515751395544186,-0.5445029447873578,0.4002219503438213,0
1.9382597175862186,7.003578289019866,6.509450022382394,-0.5250135200329308,-0.4681646376397206,0.37128778350089614,0
1.9417000682089687,7.001103037059011,6.50940004282629,-0.4887093125996916,-0.3802074123916847,0.3329235127132657,0
1.9441989998910074,6.998603886634343,6.508771491973118,-0.4438955449485682,-0.283704772375087,0.2867510457607621,0
1.9457672024599642,6.9961826675477035,6.507510017809539,-0.3921117232143988,-0.18206864760604177,0.23467050083597002,0
1.9464512043111484,6.993932248874178,6.505592171356634,-0.33515271587573187,-0.07888108311739706,0.17875899354260663,0
1.9463304045826568,6.991930196986702,6.503030096997653,-0.2750058239283267,0.02227946472503249,0.12116565068613082,0
1.945512534681699,6.990233826439475,6.499873823181067,-0.21377743823415832,0.11800859912774925,0.06400855580619759,0
1.9441277191681274,6.988877009010464,6.496210981363219,-0.15361125845836018,0.20523469211812448,0.009278844739871226,0
1.9423213802931272,6.987868938914003,6.492163991826585,-0.09660082151439224,0.28135753779863054,-0.041243386832845175,0
1.9402463099659777,6.987194879768614,6.487884939361928,-0.04469999685446163,0.3443592984683532,-0.08605742091176698,0
1.9380543051197452,6.986818755953235,6.483548505517465,0.00036397115556073827,0.3928813894481093,-0.12399154702794998,0
1.9358878182459685,6.9866873046694025,6.479343421340385,0.03716955743334944,0.4262629905605926,-0.1542323476390837,0
1.933872106661732,6.986735381084357,6.475462959351895,0.0646665912421878,0.44453953619065256,-0.17633356829608482,0
1.932108364294906,6.9868919177046624,6.472095008115128,0.08222326098740196,0.4484025113483531,-0.19020608715596118,0
1.9306682825825139,6.987085993622445,6.469412280250422,0.08965052923288096,0.43912476436060804,-0.19609179029250298,0
1.9295904122551657,6.987252477570052,6.467563199808891,0.08720183799966504,0.41845795599984653,-0.19452490863498545,0
1.9288785923948344,6.987336769358076,6.4666639904513765,0.07554810949675189,0.38851042679117637,-0.18628451955485692,0
1.9285025875449877,6.987298267996913,6.466792429597727,0.05573007993595602,0.3516145458179467,-0.1723416060999717,0
1.928400935764017,6.987112328806246,6.467983639178761,0.029091661489825824,0.3101925041691637,-0.15380354700037083,0
1.9284858660865767,6.986770622483783,6.470228155524736,-0.0028008166138978577,0.26662864078047926,-0.13185839276880323,0
1.928650001845346,6.986279962820696,6.473472370933385,-0.03824796444873118,0.22315492929748404,-0.10772086809192676,0
1.9287744406648826,6.98565981294011,6.4776212809863924,-0.07550948043028269,0.18175446857959862,-0.0825817306803945,0
1.9287377060463515,6.9849387990501315,6.482543320283,-0.11289331984727469,0.14408599316007123,-0.057561870975206195,0
1.9284250058484163,6.9841506429210325,6.4880769422585916,-0.14883644461178608,0.11143080660460128,-0.03367231786046562,0
1.927737209080224,6.983329960062335,6.4940385080259455,-0.18197240422534158,0.08466230061425459,-0.011781111216531049,0
1.9265989604114706,6.9825083576024705,6.500230996343271,-0.21118208627750099,0.0642374021320998,0.0074121736961618705,0
1.9249653876997035,6.981711210672903,6.506453029551853,-0.23562543134132344,0.05020882716603018,0.023393595790838138,0
1.9228269199634433,6.980955409739055,6.512507729251232,-0.2547535859169538,0.042256753694171,0.03584314940238116,0
1.9202118238089083,6.980248263353938,6.518210968758936,-0.268302634725732,0.03973823613571713,0.0446337269934661,0
1.9171861891221782,6.979587618509623,6.523398663150427,-0.27627145590546254,0.04175216635894687,0.049820432710360754,0
1.9138512499974698,6.978963133044804,6.527932809404575,-0.27888717062430113,0.04721673798089282,0.05162026001808187,0
1.9103381083214988,6.978358513876621,6.531706044916553,-0.27656200336354897,0.054955242710814346,0.050382746247400745,0
1.9068001234633902,6.9777544352975935,6.534644540531763,-0.26984517771455174,0.06378483996387886,0.046553146122659476,0
1.9034034243163607,6.977131786494832,6.536709109876401,-0.25937297185975083,0.07260204464210539,0.04063081298277069,0
1.9003161651953784,6.976474875960545,6.537894522829218,-0.24581956761323093,0.08045843467629907,0.03312653212517154,0
1.8976972594191355,6.975774243172468,6.538227157650409,-0.22985107560923138,0.08662069985845974,0.024523133521071043,0
1.8956853685378998,6.975028785450914,6.537761285834128,-0.21208510832905886,0.09061059103533661,0.01524356413081961,0
1.8943889038497759,6.974246985958021,6.536574411850188,-0.19305829627794174,0.09222230404986655,0.005629716150515227,0
1.8938777267185025,6.973447116569033,6.534762147026256,-0.17320392595723041,0.09151695567128104,-0.004066093302080289,0
1.8941771331867086,6.972656383667218,6.532433068431802,-0.15284124005047262,0.08879573304387937,-0.013676695815343075,0
1.8952645862007584,6.971909086146978,6.529703916465414,-0.13217690718072234,0.08455483537986383,-0.023103928637585064,0
1.8970695163309501,6.971243958383775,6.52669535344977,-0.11131796783082878,0.07942646161755365,-0.03229329421858771,0
1.899476345385901,6.970700962784154,6.5235283719547965,-0.09029447857992054,0.0741109056393584,-0.04120292774881057,0
1.9023306925775292,6.970317858053311,6.520321326131891,-0.06908929756808262,0.06930535673383434,-0.04977102688373716,0
1.9054485003236217,6.970126886078504,6.517187474061304,-0.04767203581680928,0.06563524469072607,-0.05788617011254187,0
1.9086275783263444,6.97015188926048,6.5142328712993045,-0.026034097139848972,0.0635938278180266,-0.06536480496088624,0
1.9116608374075017,6.970406100454954,6.5115544471507105,-0.004221823115496651,0.0634951028073055,-0.07193959179483424,0
1.9143503041389156,6.970890756699511,6.509238122412828,0.017635094299415482,0.06544399103618623,-0.07726122491056818,0
1.9165209023717693,6.971594595315412,6.507356885467802,0.039302624570492745,0.06932622538833387,-0.08091485374809237,0
1.9180329712358186,6.97249421353893,6.505968825315941,0.06043128817055702,0.07481863989136464,-0.08245044378369472,0
1.918792560689593,6.973555218856916,6.505115210867442,0.08055690421296255,0.08141888453431577,-0.08142461647059515,0
1.918758697921458,6.974734063158883,6.504818783376325,0.09911443002375613,0.08849207634934524,-0.07744997377640994,0
1.9179470389781295,6.975980427317426,6.50508247240388,0.11546518230962445,0.09533054607425726,-0.07024682881372474,0
1.916429593888944,6.9772399922303965,6.505888745878055,0.12893666314702404,0.10122161136365065,-0.059691688941707545,0
1.9143305194896612,6.978457396185345,6.507199764863212,0.13887303743356555,0.10551728462976034,-0.04585678114647175,0
1.9118182843465061,6.979579147371641,6.508958441272247,0.1446930283705147,0.10769924896876447,-0.02903541669784938,0
1.9090947901128108,6.980556251251472,6.511090400676051,0.14595069809741285,0.1074326101199456,-0.009749137127919727,0
1.9063822490577698,6.981346338372564,6.513506749350307,0.14239344539035576,0.10460303101830211,0.011265637280836634,0
1.9039087440687552,6.9819151412794,6.516107463799754,0.1340108503776097,0.09933377894559686,0.03309150306997766,0
1.9018934279675905,6.9822372599530595,6.518785191445175,0.12106804681387305,0.09198158078740619,0.05468221840908429,0
1.9005322672082894,6.982296256609373,6.521429281480927,0.10411834239824959,0.08311247213940383,0.0749287441755415,0
1.8999851318212337,6.982084212994885,6.523929933281174,0.08399177837042499,0.07346060884158775,0.0927333786044915,0
1.9003649125190947,6.981600947617001,6.526182414805776,0.061758811017924,0.06387409782021392,0.10708553169224501,0
1.9017292282755223,6.980853111897861,6.528091327746242,0.038670789947259476,0.05525236836636677,0.11713285123035129,0
1.904075178246177,6.979853357336264,6.5295748653651655,0.016081078656294528,0.04847965373082391,0.12224224357789572,0
1.907337484574452,6.978619697675173,6.530568935504143,-0.004647552607616336,0.04435898946549533,0.12204657433078192,0
1.9113902545082764,6.9771750999680755,6.531030933423172,-0.022242219611923613,0.043550885840237134,0.11647421634631462,0
1.9160524441601512,6.975547250048234,6.5309428765762165,-0.03561789954237696,0.046520541873422,0.1057599134660187,0
1.9210969178711141,6.973768370149469,6.53031357717172,-0.043965747159220414,0.053497112976067025,0.09043652910078202,0
1.926262764324591,6.971874928698848,6.5291795398754875,-0.04682382863368427,0.06444804501816542,0.07130816613476913,0
1.9312702673677753,6.969907077540357,6.5276043365012635,-0.04412352172680418,0.0790707495815375,0.04940599461235055,0
1.9358376651454137,6.967907682120106,6.525676325436731,-0.03620661198666589,0.09680285892877336,0.025929034844451103,0
1.9396986064284194,6.965920876471958,6.523504738043018,-0.023810301358187548,0.11685099502305818,0.0021731791290699313,0
1.9426190716634326,6.963990171073897,6.521214322510827,-0.008019748924600261,0.13823655029085374,-0.020547154073601415,0
1.9444125005678166,6.962156250414329,6.5189388870444835,0.00980976472174141,0.15985559769341318,-0.04097933689225954,0
1.9449519677449523,6.960454692269106,6.516814192200151,0.028156524325010455,0.18054888639396616,-0.05800881346635877,0
1.944178460906175,6.958913895072256,6.514970692429952,0.04545507171139501,0.19917703747447466,-0.07072540631989437,0
1.9421046187136792,6.957553495531977,6.513526619195917,0.06022894486008257,0.2146955864184272,-0.0784745894916769,0
1.9388136468122408,6.956383496571482,6.512581842193385,0.07122281645298326,0.22622444957461468,-0.0808902620718468,0
1.9344535147690753,6.955404226169225,6.512212856980799,0.07752244985864742,0.23310671612020248,-0.07790753520860831,0
1.9292269016653179,6.954607139624549,6.512469145048029,0.07865103045935486,0.23495236609964945,-0.06975602870236525,0
1.923377665901799,6.953976382873958,6.51337104976451,0.07463177100167237,0.23166357079213684,-0.056935874316283094,0
1.9171748424114412,6.953490960258877,6.514909211604897,0.06600914795494929,0.2234396001445315,-0.04017987193688876,0
1.9108953131600954,6.953127295226424,6.517045507315338,0.05382454164828028,0.2107609146951311,-0.020405907762488427,0
1.9048063593262603,6.952861935135304,6.5197153487342945,0.039546241202651586,0.19435354225615206,0.001336274531888639,0
1.8991492886184895,6.952674133116972,6.5228311370488985,0.024958376725876596,0.17513614276218714,0.023920495469003246,0
1.8941252369447867,6.952548044282425,6.526286650589962,0.012017716257864785,0.15415319707275862,0.0461992753842499,0
1.8898840710048985,6.952474304122293,6.5299621590276375,0.0026906938404735584,0.1324985807601887,0.06705714540601965,0
1.886517079119849,6.952450816134362,6.533730072681139,-0.0012149466406023604,0.11123445374799794,0.08546122674175557,0
1.8840538545698082,6.952482662009492,6.537460921591692,0.0017909918746438732,0.09131088707241684,0.10050840170848266,0
1.8824634748732647,6.95258115171542,6.541029409029154,0.012745756264695342,0.07349190261019205,0.11146826920678679,0
1.8816597828742285,6.9527621345048916,6.544320222738721,0.03213344461581914,0.05829357342504929,0.11782068478568858,0
1.8815102965536774,6.953043775469359,6.5472332521661905,0.05982853351571141,0.04593946377766389,0.11928617281610937,0
1.8818480284457129,6.95344405446168,6.54968787876391,0.09508776241235077,0.03633789258673739,0.11584705837148346,0
1.8824852984162015,6.9539782647417105,6.5516260833728825,0.13659087332815809,0.029084210727986195,0.10775699861697469,0
1.883228491937101,6.954656781025637,6.553014229068709,0.18252668808282352,0.023489501703888492,0.09553680953521794,0
1.8838926644966116,6.9554833321482965,6.553843495082592,0.23071739052041873,0.018634968277426712,0.0799550685092945,0
1.884314929578518,6.956453954935107,6.55412902753894,0.2787709126701817,0.013448972525163342,0.061992841589662354,0
1.884365688884838,6.957556732128091,6.5539079261963815,0.3242491921472991,0.0068015338121872465,0.04279294886047586,0
1.8839569538486454,6.958772341212094,6.553236214709978,0.36483887468035214,-0.0023906662399348906,0.023595376363588424,0
1.8830472483942065,6.960075371907957,6.552184965632721,0.3985108376424789,-0.015056897118017162,0.005661733606800345,0
1.8816428576998012,6.961436308865011,6.550835785510745,0.42365581112949713,-0.031871290958468315,-0.009806983247067183,0
1.8797954764132185,6.962824017699075,6.549275910922061,0.4391854838038583,-0.05316666630037943,-0.021753742175474416,0
1.8775965823713772,6.9642085131317275,6.547593209119344,0.4445917340675576,-0.07887112455246113,-0.02934335826119896,0
1.8751690839729698,6.965563731931979,6.545871396601479,0.4399606573912762,-0.10847376111894395,-0.032027994058664314,0
1.872656938622108,6.966869995333114,6.544185773095089,0.42594229478927115,-0.14102362969096577,-0.0295938951090672,0
1.8702135179240071,6.9681158451052285,6.5425997218242244,0.40368082448919473,-0.17516350174359094,-0.022184305500018636,0
1.8679895238765882,6.969298987583526,6.541162166250056,0.3747130246636168,-0.2091973395478476,-0.010295393778101939,0
1.866121261918734,6.97042617800823,6.539906112524481,0.34084482902230834,-0.24118800496993945,0.005255765196833186,0
1.8647200591009003,6.971512005179641,6.538848346768772,0.30401676028558894,-0.26907962765288046,0.023389714035582727,0
1.8638635681603513,6.972576668828541,6.537990289781033,0.26616903965530847,-0.2908372034399544,0.04284576796259988,0
1.863589601107727,6.973642958932291,6.537319935894131,0.22911634244024268,-0.3045943502304952,0.06227964362276635,0
1.8638929748406114,6.974732736802683,6.536814723114265,0.1944405786406811,-0.30879879991606746,0.08036952711977209,0
1.8647256299009378,6.975863277854268,6.5364451061418025,0.16340785417166512,-0.3023443768411569,0.09592132201994605,0
1.8660000254372417,6.977043861703827,6.536178536994587,0.13691320526961714,-0.2846782026828967,0.10796344056951261,0
1.8675955517597098,6.978272982532713,6.535983505036183,0.11545420919793611,-0.25587292970503445,0.11582211612847847,0
1.8693674637379532,6.9795365009850885,6.535833261496825,0.09913250095787332,-0.21665602354914557,0.11916987972626272,0
1.8711576384708446,6.980806973321949,6.535708869492393,0.08768067147080687,-0.16839134319310303,0.1180424519474757,0
1.8728063077716572,6.982044282945643,6.535601287225698,0.08051088046696897,-0.11301218372761879,0.11282255472103433,0
1.8741638223587944,6.98319757467113,6.535512298874363,0.07678065219641185,-0.05290920701874191,0.10419262530504367,0
1.8751014884793589,6.9842083656583185,6.535454228966288,0.07547070846693138,0.009219054472296756,0.093061679085048,0
1.8755205945014055,6.9850145922407085,6.5354484872117515,0.07546939450158387,0.0705415805445524,0.0804742253604003,0
1.8753589147812377,6.985555262858562,6.535523081856235,0.07565830824687565,0.12828167575657579,0.0675108526863904,0
1.87459422075465,6.98577533552585,6.53570931414552,0.07499409314580137,0.1798993376669382,0.0551906181855287,0
1.8732446122349222,6.9856304285014925,6.536037929226775,0.07258186784832907,0.2232537398772272,0.04438463898989398,0
1.8713657716418455,6.9850910006124245,6.536535047340452,0.0677363379104473,0.2567326085277057,0.0357485015612391,0
1.8690455111564859,6.984145691517092,6.5372182257279166,0.06002724836206306,0.2793388088658399,0.02967868641449415,0
1.8663962044279823,6.982803578442898,6.538092998439552,0.049306563820715604,0.29072864419953154,0.026295585886911672,0
1.8635458550877744,6.981095173788782,6.53915020398051,0.035715701789581805,0.2912005841640084,0.02545318537004234,0
1.8606286467534372,6.979072054133356,6.540364343734356,0.01967231795903054,0.281636992234799,0.026773255152672572,0
1.8577758397319226,6.976805081040558,6.5416931335523865,0.0018374402787200064,0.263404779214136,0.029700035888211043,0
1.8551078225576667,6.974381256378177,6.543078338060064,-0.016935013204038143,0.2382237740311147,0.03356991243282845,0
1.8527279865826567,6.971899352698304,6.544447922185247,-0.03566325330916093,0.2080139567838427,0.03768944394207309,0
1.8507188748535952,6.96946456465408,6.545719506265128,-0.05331324357105655,0.17473441443707616,0.041414361174235616,0
1.8491407868556802,6.967182523639705,6.546805046826199,-0.06888021250741451,0.14022774166402938,0.04422184758780578,0
1.8480327369759748,6.9651530858488755,6.547616569595582,-0.08147050234905638,0.10608339764318885,0.04576875923350511,0
1.8474154062740815,6.963464330081418,6.548072660378705,-0.0903773867796878,0.07353212289043358,0.04592954879211652,0
1.8472955230762447,6.962187182664552,6.54810529723421,-0.0951440325097072,0.043380968017544826,0.04480951868890663,0
1.8476709727051936,6.961371030168554,6.547666512753564,-0.09560711600581073,0.015994989084148096,0.0427314314713663,0
1.8485358747842306,6.961040599863116,6.546734328896178,-0.09191595765703757,-0.008672513818902756,0.04019617481793119,0
1.8498848774976562,6.961194297617275,6.545317415483482,-0.0845242260883053,-0.031003907076894367,0.03782087578953323,0
1.8517159990357863,6.961804104166825,6.543457981524087,-0.0741538384122983,-0.051602560196140235,0.03626038229521909,0
1.854031491261458,6.962817048176903,6.541232505025045,-0.06173316350171645,-0.07115097398040644,0.03612012958781203,0
1.8568363987861323,6.964158197950539,6.538750033557673,-0.04831371022883191,-0.09025608495670016,0.03786975905009428,0
1.8601347231494416,6.965735042157219,6.536147941129135,-0.034971023673922234,-0.10929762507124816,0.04176714851027338,0
1.8639233594728417,6.96744306630262,6.533585201956045,-0.022696542498659617,-0.12829519320909005,0.047801610605377604,0
1.8681842330457767,6.969172280479522,6.531233425968639,-0.012287815575242054,-0.1468078660536452,0.0556630191911812,0
1.8728753042203932,6.97081441588645,6.529266076291406,-0.00424488582320274,-0.16387709533572048,0.06474082808095169,0
1.877921307955857,6.972270476144762,6.5278464402686645,0.0013191183888556321,-0.1780198005566803,0.0741537629516211,0
1.8832052264824373,6.973458295349313,6.527115045971585,0.004745205482138846,-0.187274476294335,0.08280785575289916,0
1.8885615410555108,6.974319714729319,6.527177304772798,0.006866159131512369,-0.189299183291555,0.08947786207440298,0
1.893772260615293,6.974826950635171,6.52809221364301,0.009008458059201122,-0.18151668472153604,0.09290520256095096,0
1.8985665822416433,6.974987701747823,6.529862955427286,0.012954285993901459,-0.16129875848342962,0.09190444225973421,0
1.9026248132923833,6.974848546364304,6.532430176458305,0.020861949751819667,-0.12617884219533054,0.08546987944395258,0
1.9055868962189988,6.974496221618304,6.535668594062478,0.03514593330132174,-0.07407967484413366,0.07287394714772233,0
1.9070655420380023,6.974056463077533,6.539387402150007,0.05832093964872727,-0.0035405787812873997,0.053749747564825964,0
1.9066636158918253,6.9736902190504395,6.543334721776217,0.09281743109104097,0.08607238526028328,0.028151070571308928,0
1.9039950520412936,6.973587235022784,6.547206112191425,0.14077921352736633,0.19439076609042982,-0.003415357041911076,0
1.8987082344285657,6.973957215536061,6.550656942679149,0.20385632735799988,0.31991949461525576,-0.039988905929203976,0
1.890510488533114,6.975018991044265,6.553318236150062,0.28300859122410904,0.4599792153451143,-0.08018681235878933,0
1.8791921090779573,6.97698831959503,6.554815413886782,0.37833616606033527,0.6107270180062812,-0.1222678207068199,0
1.864648209629625,6.98006511118584,6.55478916415595,0.48895306911354236,0.7672626127313013,-0.16422446719757489,0
1.846896638639589,6.984420953636707,6.552917410178846,0.6129175085706948,0.9238208838666858,-0.20389859047846595,0
1.8260902797039653,6.990187828630968,6.548937089362305,0.7472293904063999,1.0740447209335324,-0.23911290983100933,0
1.8025222584963614,6.997448832690897,6.542664233937015,0.8879007662806622,1.211324627438163,-0.26781035488206695,0
1.7766229240056282,7.0062315680760845,6.534010732079401,1.0300998079812473,1.329184561152153,-0.28819228493744464,0
1.7489479556045822,7.0165046577226935,6.5229962046055645,1.1683635137659958,1.4216875328050373,-0.2988467012314003,0
1.7201575576650119,7.0281775867982255,6.50975368268821,1.2968690974476056,1.483830426885953,-0.2988578566801857,0
1.6909874149358595,7.041103807141381,6.4945282052043165,1.4097492042147965,1.5118959771415037,-0.2878891677411699,0
1.6622128490377468,7.055086789499624,6.477668022453387,1.501432119147117,1.5037313449884773,-0.26623207067640003,0
1.6346083622322436,7.069888501315391,6.459608728674476,1.5669853086306438,1.458927492515884,-0.234814721250543,0
1.6089053720977238,7.0852396473694705,6.440851281191747,1.6024390392578487,1.3788811781894486,-0.1951666125330816,0
1.5857513188861077,7.100850946936362,6.4219354366193535,1.6050663699420902,1.2667311222047397,-0.14933847741564657,0
1.5656733910667533,7.116424730842147,6.403410579715484,1.5735966862213862,1.1271707212977693,-0.0997809667479384,0
1.5490498459509308,7.131666213073729,6.3858061708376,1.5083428205300233,0.9661507831085903,-0.049189852786967664,0
1.536091327959099,7.146293909830442,6.369604044000607,1.4112274209038518,0.7904962236665171,-0.00032915913045109435,0
1.5268337563274987,7.160048826031804,6.355214545793256,1.285702554642702,0.6074693206717582,0.044153830941621515,0
1.5211433361632605,7.17270217830442,6.342958067783144,1.136566381294043,0.424317486645457,0.0819065329772717,0
1.5187331410964777,7.184061542793826,6.333052978539936,0.9696903111426488,0.24784450961980045,0.11102710081291417,0
1.5191896489627208,7.1939753880337545,6.325610391867898,0.7916778865270044,0.08404055212137804,0.1301854197826595,0
1.522006715237038,7.202335987087368,6.32063567389702,0.6094819542994633,-0.06220147892483051,0.13869903190994554,0
1.5266238500451137,7.20908072679294,6.318036123779006,0.4300093720461323,-0.187266066410099,0.13655812324317096,0
1.532465389102117,7.2141918686143045,6.317633876845432,0.25974246645899157,-0.2888863379132262,0.12439849711903518,0
1.5389772353990494,7.217694871273302,6.319182785284849,0.10440370547820486,-0.36611237711336714,0.10342639703247071,0
1.5456582728907784,7.219655449541917,6.322387833847525,-0.031315192356023445,-0.41919193258305476,0.07530354622752619,0
1.5520842578955218,7.2201755970941965,6.326925548878975,-0.1439454285345898,-0.44938535379516015,0.0420042562864732,0
1.5579228937537597,7.21938882577134,6.332463868508688,-0.231347796352103,-0.45873978595484,0.0056584994031761565,0
1.562939782196864,7.217454860197697,6.338680080186407,-0.2927341118605798,-0.44984773448397114,-0.0316047215838498,0
1.5669958975206302,7.214553979715978,6.345275711123808,-0.32860965111509427,-0.4256125617301395,-0.06780043158032835,0
1.5700380253894028,7.210881133376785,6.351987657506563,-0.3406475933072079,-0.38903899880224085,-0.10120616213821852,0
1.5720841533717282,7.206639886858928,6.3585952985712755,-0.3315098773671948,-0.3430611966131404,-0.13044792856933304,0
1.573206050634695,7.202036211553092,6.364923777136899,-0.30463073969282256,-0.29041509502960583,-0.1545492992995712,0
1.5735112370289233,7.197272111809358,6.370843964523558,-0.2639793742577468,-0.2335566662986669,-0.17294275790867278,0
1.573126262786668,7.19253911628134,6.3762698287885815,-0.21381684524726774,-0.1746232507625301,-0.18544597670739033,0
1.5721827652580442,7.1880117317568395,6.381153996999807,-0.1584601497466718,-0.11543181701586558,-0.1922086278550627,0
1.570807212497667,7.183841057662758,6.38548227442985,-0.10206380526267328,-0.057505525934051546,-0.1936377601747555,0
1.5691146612079043,7.1801488624213485,6.389267785997018,-0.04842691365956313,-0.0021185060251778173,-0.190311372037581,0
1.567206322457825,7.177022504517151,6.392545259362097,-0.0008314416376534301,0.04965166084234172,-0.18289041602037365,0
1.565170305427141,7.174511122469489,6.395365792857879,0.038084497001414114,0.09687360215614638,-0.1720389366396232,0
1.5630846347052443,7.172623506742163,6.397792265799824,0.0664161369164432,0.13872228999472583,-0.15836037547666848,0
1.56102151412594,7.17132799886462,6.399895377877821,0.08304317112822927,0.1744557659905278,-0.1423555056218255,0
1.559051817159115,7.170554644663273,6.401750172558359,0.08764197322716702,0.20341187789616413,-0.1244043955840402,0
1.557248890126422,7.170199674552726,6.40343282670252,0.08065907352152883,0.22502541406203255,-0.10477172107360085,0
1.5556909344580985,7.170132212609626,6.405017485441221,0.0632470923237164,0.2388628682688981,-0.08363202988310559,0
1.554461466977764,7.170202942658021,6.4065729849791,0.037166033983417134,0.24466919757372044,-0.061109497611756027,0
1.5536476211620631,7.170254293966273,6.4081594201439485,0.004655038802465059,0.24241888185728833,-0.03732549032371191,0
1.5533363235429325,7.170131560570831,6.409824652247891,-0.03171808318042568,0.2323627736211751,-0.012446973768007677,0
1.553608634546447,7.1696942488561195,6.41160098707511,-0.06922050267207613,0.21506270143929246,0.013270612523819668,0
1.5545327629932417,7.168826871898566,6.413502356568941,-0.10512135949384939,0.19140725406073142,0.03945126053029518,0
1.5561564356951152,7.167448387888253,6.415522392385409,-0.1368523905126601,0.16260416939529104,0.06558099531267886,0
1.5584994218326507,7.165519520741043,6.41763377502016,-0.16215339559825354,0.13014692233679495,0.09100781986706266,0
1.5615470719020716,7.163047306941808,6.419789175896985,-0.17919508674318382,0.09575529320845673,0.11496045322899222,0
1.565245724400615,7.1600863819952645,6.421923982587871,-0.18667345750740286,0.06129192658904894,0.13658600450299943,0
1.5695007449837477,7.15673674271895,6.423960814460596,-0.18387156885700515,0.028659227750423892,0.1550050830044906,0
1.5741777786020836,7.153137979971378,6.425815614186944,-0.17068651991817418,-0.0003166540543126492,0.16938080365643698,0
1.5791075157121337,7.149460250107437,6.427404874169067,-0.14762124874154225,-0.02400579383770663,0.17899593084893278,0
1.5840939215508059,7.145892525476578,6.42865337318791,-0.11574256011017911,-0.04108784735457803,0.18333047044108822,0
1.588925492007075,7.142628918121115,6.42950169991241,-0.07660835501611177,-0.050647687731576886,0.18213086215860574,0
1.5933887272846534,7.1398540831976955,6.429912845797511,-0.03216850518229923,-0.052243050142738466,0.17546188787389888,0
1.5972827047752558,7.137728847984243,6.42987724968026,0.01535473505747899,-0.04593621314806838,0.1637336203900026,0
1.600433435944648,7.136377248098887,6.429415837276972,0.0635994971252357,-0.032285277942483384,0.14769810677041603,0
1.6027066497892555,7.135876068779989,6.428580783359043,0.11020184480962272,-0.012294849579001704,0.1284137333947821,0
1.6040177723498072,7.136247791723159,6.4274539064150495,0.15292911029090653,0.012669768258303004,0.10717892074733582,0
1.6043381491513937,7.137457561907591,6.426142775338256,0.18980015115815102,0.04099695333716839,0.08544041577239544,0
1.6036969424080458,7.139414449159738,6.424774765389915,0.2191845496985088,0.07096092656552022,0.06468446031890637,0
1.602178573501815,7.141976923378025,6.423489445201874,0.23987441776167853,0.10085922408506397,0.04632108035480974,0
1.5999160158289873,7.144962124767189,6.422429799003538,0.25112477348062634,0.12914273787808736,0.03157239764392275,0
1.597080618920243,7.148158218078539,6.4217328763613235,0.25266124492335906,0.15452678447788026,0.021375184591478618,0
1.5938694214604257,7.151338890613113,6.421520508054629,0.24465688732332938,0.1760741404963341,0.016306097738564465,0
1.5904910700229526,7.154278899326458,6.421890729911971,0.2276828800571879,0.1932442613085048,0.01653556470005274,0
1.587151502928024,7.1567695025155675,6.422910517051274,0.20264041504899755,0.20590637075645213,0.02181362075388188,0
1.584040496741956,7.158632634243831,6.424610350171926,0.17068269841024686,0.21431728428938004,0.03148840830535069,0
1.5813200241945464,7.159732796933863,6.426981016707521,0.13313617133887493,0.21906746627028167,0.04455566558801047,0
1.579115159795372,7.159985850810748,6.429972898837075,0.09142863193627047,0.2210009026699143,0.05973530545477518,0
1.5775080217535922,7.159364146602936,6.433497827222068,0.04702923015332495,0.22111596669980696,0.07556911603364828,0
1.5765349837127878,7.157897748069657,6.437433398489978,0.0014020333146284342,0.22045564393893347,0.09053183772390591,0
1.5761871460759393,7.155671788215695,6.441629482728431,-0.04402816505456135,0.21999630766436176,0.10314662040179261,0
1.5764138338449865,7.152820268197452,6.445916498976977,-0.08790124209605739,0.22054466367517844,0.11209535106581978,0
1.5771286929227046,7.14951682398417,6.450114923866108,-0.12894267056518563,0.22265236690006146,0.11631467652531836,0
1.5782177985746413,7.145963148200017,6.454045431207447,-0.16598393610054615,0.22655690610422122,0.11506973971461897,0
1.5795490784183457,7.1423758658721495,6.457539040507065,-0.19798513399190779,0.2321554550472914,0.10799962757048588,0
1.580982297553438,7.138972727221192,6.460446668915067,-0.22406067261099208,0.23901548690261148,0.09513113691231403,0
1.5823788616413028,7.13595900045941,6.462647518308407,-0.24350718756831444,0.24642227701385577,0.0768604737663444,0
1.5836107639010872,7.133514922077876,6.464055783284287,-0.25583126305547627,0.2534594007432392,0.05390562550029158,0
1.5845681238600426,7.131784988018911,6.464625249651024,-0.26077369084474467,0.2591144896659347,0.02723505582919902,0
1.5851649223958604,7.130869743360187,6.464351481747621,-0.2583269469351598,0.2623993760824427,-0.0020192789699266527,0
1.5853427099694357,7.130820552949751,6.463271470617444,-0.24874323704980203,0.26247179357002426,-0.032655136402295115,0
1.5850722342890147,7.131637623072637,6.46146081399608,-0.2325315138680017,0.258745294358765,-0.06348963415924251,0
1.5843530832837653,7.133271316652839,6.459028691824523,-0.21044289880775088,0.2509750348206532,-0.09343644169782084,0
1.583211557035964,7.135626586917457,6.456111056015068,-0.18344469814312125,0.23930939364579568,-0.12156360069707926,0
1.5816970643864485,7.138570166218289,6.452862549865235,-0.15268366007798514,0.22430072700408846,-0.14712780925362134,0
1.5798773919146205,7.141939995105899,6.44944770967104,-0.11943939886273963,0.20687259927592214,-0.16958408300440886,0
1.5778332246919293,7.145556257862241,6.44603199639349,-0.08506918808380377,0.18824521238068365,-0.18857264606803179,0
1.5756523152601216,7.149233297138332,6.442773180769059,-0.05094576333205596,0.16982510960444488,-0.20388733729814368,0
1.5734236984946555,7.152791611095044,6.439813568625425,-0.018390466304014367,0.15306912285188207,-0.21543155134867023,0
1.571232332662453,7.156069101788052,6.437273493103237,0.011395052948772648,0.13933554114853522,-0.22316873601748793,0
1.5691545122223756,7.158930761235405,6.435246403150591,0.037394496996226316,0.1297372734974806,-0.2270747604652377,0
1.5672543483626142,7.161276067736613,6.433795745458996,0.05883528450522145,0.12501219102613037,-0.22709905523312843,0
1.5655815459239568,7.163043526277707,6.432953690310149,0.07523483736636873,0.1254248315856544,-0.2231402975647593,0
1.5641706103124136,7.164212017062474,6.432721616575332,0.08643044424395369,0.13071126352996293,-0.2150406259669885,0
1.5630414876806236,7.164798895794288,6.433072166822107,0.09258932637437255,0.1400751960430357,-0.20260008580349875,0
1.5622014834388132,7.164855087764706,6.433952616358715,0.0941969421319265,0.15223857133125474,-0.18561051875718657,0
1.5616481440792713,7.164457699091283,6.435289263114097,0.09202326499618026,0.1655442771570814,-0.16390572267764641,0
1.561372659817968,7.163700898335753,6.436992527855172,0.08706862670842262,0.17810288781403277,-0.137422637878941,0
1.5613632779657425,7.162685974167391,6.4389624527974405,0.0804926109794205,0.18797020537120557,-0.10626666597449744,0
1.5616082216814569,7.161511534591479,6.4410943030656655,0.07353121989317721,0.19333855239917858,-0.07077311581560261,0
1.5620976859933338,7.160264774578027,6.443284007059246,0.0674088406590974,0.1927228441437951,-0.031556422268083834,0
1.5628246242976438,7.159014603408822,6.445433209253701,0.06325215969152383,0.18512274300822804,0.010460568895089117,0
1.5637842262388342,7.157807203235438,6.447453744476699,0.06201299692164494,0.17014459692591288,0.05404328485357465,0
1.5649721939517176,7.156664312481016,6.449271376032648,0.06440613981724545,0.1480709494275585,0.09767169000782028,0
1.5663821135286853,7.155584227212969,6.450828676761079,0.07086681048439812,0.11987051738859496,0.13959699788649388,0
1.568002359128187,7.15454522586032,6.452086977664247,0.08153055173579929,0.0871469761051576,0.1779269779296567,0
1.5698130364492076,7.153510878260678,6.453027362473979,0.09623618182582103,0.052030143800565296,0.21073546073027466,0
1.5717834665358703,7.152436524943847,6.4536507378287995,0.11455017567602054,0.01701790033942966,0.236189322784892,0
1.573870642068235,7.151276126970968,6.453977040344909,0.1358086153322043,-0.015218785271461047,0.2526842086052522,0
1.5760189736655414,7.149988700551939,6.454043641860794,0.15917108178424813,-0.042052180090832184,0.258978683424464,0
1.578161497222877,7.1485436592510965,6.45390298877092,0.18367996469057332,-0.06111783301975912,0.25431560120921964,0
1.580222546604567,7.146924568994209,6.453619487354832,0.20831894777437251,-0.07051988420352151,0.23851940094025506,0
1.5821217236705651,7.145131045100127,6.453265657553607,0.2320658553202926,-0.06900379020888796,0.21205893546804058,0
1.5837788376442903,7.143178752584863,6.452917640085868,0.25393720332202446,-0.05608075042966008,0.17606733951612827,0
1.5851193560796866,7.141097685241963,6.452650245553342,0.27302403926642793,-0.03209175492210695,0.13231331842655591,0
1.5860798256081956,7.138929079440279,6.452531848741038,0.28852035070552184,0.0017958584522778191,0.08312195634565525,0
1.5866126953292865,7.136721453332197,6.45261952325026,0.2997460817881563,0.04366049930194114,0.031247452562237894,0
1.5866900171085156,7.134526337173197,6.452954855499364,0.3061665711577243,0.09096185933431734,-0.02029528494456924,0
1.586305602464118,7.132394260040924,6.453560858480004,0.30740930345582446,0.14072860054606806,-0.06842900439286692,0
1.585475371166314,7.130371474206047,6.454440321460973,0.3032777348694777,0.18978189276044857,-0.11022774952187055,0
1.5842358134159793,7.128497740391793,6.455575791038932,0.2937610728252527,0.23497513248330396,-0.14312878457142866,0
1.5826406873134453,7.12680529468752,6.456931202237587,0.2790385311554795,0.2734288208246549,-0.16512504074704712,0
1.5807562671151154,7.125318911259546,6.458454997080308,0.2594767814863012,0.30274035344903016,-0.17492124462760575,0
1.5786556224391477,7.12405680181678,6.460084418939986,0.23561993514532786,0.32115127945838123,-0.17203947323401006,0
1.5764125191863836,7.1230319798386645,6.461750582124559,0.2081721688754414,0.3276590718270856,-0.15686387791493697,0
1.5740955699334158,7.122253680292968,6.463383891191082,0.177973788876737,0.32206603891913105,-0.13061933958801725,0
1.571763218779808,7.121728467696503,6.464919402903915,0.14597194124882557,0.30496398588247614,-0.09528440008757486,0
1.5694600331516755,7.121460775215381,6.466301761120573,0.11318731139123865,0.2776589149220951,-0.05344446277156577,0
1.5672146145756016,7.121452767458505,6.4674893818569625,0.08067812583739138,0.2420448733197294,-0.008096454847230893,0
1.5650392578686116,7.121703574074566,6.468457628660185,0.04950271639680995,0.2004396366549844,0.03757959844845677,0
1.5629313087451906,7.122208068240459,6.4692008049518295,0.020681888905779704,0.1553970523037114,0.08046371927006044,0
1.5608760155853054,7.122955443831768,6.469732893872159,-0.004837681072412456,0.10951154495868255,0.11773413871639372,0
1.5588505579713368,7.123927873048669,6.470087073498228,-0.02621787875312865,0.0652296745771238,0.14708109325430987,0
1.5568288675643571,7.125099511018318,6.470314099665974,-0.04276037032912801,0.024682068917695706,0.16687878149461804,0
1.554786826715785,7.12643606932693,6.470479672362667,-0.053933653027046884,-0.010453113521051736,0.17630133191177672,0
1.5527074178547435,7.127895116953124,6.470660902064137,-0.059395003783341484,-0.03904656830389661,0.17537316058961216,0
1.5505853872191777,7.129427187462664,6.470941996376751,-0.05900643859983598,-0.06056831497008606,0.1649495575173764,0
1.5484309839153325,7.1309776751197145,6.471409311073408,-0.05284389763137196,-0.07508973106373043,0.1466293419188379,0
1.5462723634799265,7.132489394748464,6.472145951978379,-0.041198992266070385,-0.08323823218239937,0.12260743203967084,0
1.5441563300268315,7.133905575465575,6.4732261657322825,-0.02457272481380234,-0.0861094208806685,0.09548055332037293,0
1.5421472385111883,7.1351729771462775,6.474709810994677,-0.0036606364870015733,-0.08514501369762636,0.06802347343526473,0
1.5403240668665996,7.136244778341348,6.476637252025001,0.020671022940527084,-0.08198765178003517,0.04295565385636394,0
1.5387758582537516,7.137082895134543,6.479025053017389,0.04741813304336976,-0.07832541939369993,0.02271875253583531,0
1.5375958898038595,7.137659454552053,6.48186285438975,0.07547991329574404,-0.07573925684756858,0.009283885653535096,0
1.5368750261317352,7.1379572595003085,6.485111762381239,0.10370705050412433,-0.0755653942532407,0.00400410454698559,0
1.536694763741165,7.137969230604347,6.48870447764336,0.1309545522630338,-0.07878270768755455,0.007522643703388485,0
1.537120477788921,7.137696966852318,6.492547245703414,0.1561366681033399,-0.08593206734570974,0.019741888879671876,0
1.5381953558409454,7.137148698954929,6.496523562546524,0.17828102803243473,-0.09707195936771973,0.039852508916390084,0
1.539935448675809,7.136336991348203,6.500499436987028,0.19657911109844065,-0.11177236602592337,0.06641743868915413,0
1.5423261897400753,7.135276569423941,6.50432990851831,0.21043015682127303,-0.1291471091142392,0.09750173345522761,0
1.5453206418933292,7.133982607886601,6.507866446017803,0.21947564003357187,-0.14792323728041956,0.13083675699038458,0
1.5488396350463454,7.132469721821608,6.510964810105644,0.22362149579771154,-0.16654410962304797,0.1640055473041365,0
1.5527738676584488,7.130751770169478,6.513492951594351,0.22304549657630993,-0.18330036041727757,0.19463533736035207,0
1.556987953649869,7.128842436462105,6.515338534238955,0.21818766018527702,-0.19648004015021367,0.22058298757385486,0
1.5613262920872117,7.126756421661826,6.516415696539523,0.2097224159496394,-0.20452631653354242,0.24009950095812305,0
1.5656205125207066,7.124510990922649,6.516670690997926,0.19851254162510512,-0.20618876729444993,0.25196093465598335,0
1.569698108777036,7.122127571336873,6.516086060206028,0.18554657813590453,-0.20065317998351287,0.25555508433726204,0
1.5733917346837107,7.1196331027353414,6.514683042412731,0.171863404605087,-0.18763549945476155,0.25091647447503435,0
1.5765485205412584,7.117060893520942,6.512521964289994,0.15846967277966909,-0.16742841681453455,0.2387064025902692,0
1.5790387066424256,7.114450817666509,6.509700486342835,0.14625749142807304,-0.14089385558597026,0.2201397176004503,0
1.5807629042171853,7.1118487900349665,6.506349711423175,0.13593066599558004,-0.10940058762363292,0.1968650972442378,0
1.5816573959238371,7.109305553879918,6.502628330114889,0.12794754093020183,-0.0747124516009048,0.17081019365552824,0
1.5816970664161407,7.106874888858479,6.4987151339138425,0.12248691679171883,-0.038838204458164605,0.14400652934604435,0
1.5808957764514864,7.1046113917759275,6.494800354423265,0.11944085349558277,-0.0038581545509573595,0.11841091763571669,0
1.5793042208607524,7.102567997458559,6.491076365248688,0.11843495934692462,0.028255076937492376,0.09574011566795891,0
1.5770055090357296,7.1007934014954674,6.487728303218384,0.11887359537828876,0.055804217008963056,0.07733340335898986,0
1.5741088612359255,7.099329529080907,6.484925129617935,0.12000475170355078,0.0775078366292094,0.06405421456507289,0
1.5707419252884993,7.098209172231475,6.482811574580591,0.12099746892454484,0.09260152746285324,0.05623747356786347,0
1.567042294275762,7.09745389642384,6.481501309960408,0.12102373647936568,0.10089203718771707,0.05368459565805003,0
1.56314885352976,7.097072300273202,6.481071598154207,0.11933682110814928,0.10276142295196744,0.055703777051500925,0
1.5591936032335592,7.0970586994968965,6.481559578353232,0.11533888082138966,0.09912283295205011,0.06118964237771991,0
1.5552945803889444,7.0973922988186615,6.482960281453559,0.10863234988746005,0.09133344318349752,0.06873374732933053,0
1.5515504276145102,7.098036911243821,6.485226410857906,0.09905169162251604,0.08107317005469178,0.07675584428280202,0
1.54803701955994,7.098941281060741,6.488269886651115,0.08667437474376516,0.07020001820904777,0.0836450525050803,0
1.5448063659172029,7.100040062373385,6.491965118051676,0.07181201891763403,0.060594341519851394,0.08789994176041346,0
1.5418877814780538,7.101255496275696,6.496153933236686,0.054984377218639774,0.05400490973824234,0.08825691903583315,0
1.5392910785611271,7.102499814578583,6.500652048567224,0.03688007710739697,0.05190943148621314,0.08379719388742736,0
1.537011331094021,7.103678374548492,6.505256896808835,0.01830873903041313,0.055400976818253,0.07402406664692138,0
1.535034612126,7.104693496540074,6.509756553561593,0.0001491697986398556,0.06510949067132167,0.0589044228243988,0
1.5333440301631627,7.1054489348947785,6.513939403912005,-0.016702134363464672,0.08116437131742518,0.03887111897840566,0
1.5319253803148076,7.105854863397215,6.5176040896619005,-0.03137870556814364,0.10320020390074261,0.014786238946272273,0
1.530771773293012,7.10583320249276,6.520569197153391,-0.04308542619111556,0.1304036357327065,-0.012131337742775639,0
1.5298867009342918,7.1053230600569375,6.522682114903025,-0.05113174796869803,0.16159552079076883,-0.040407387701532856,0
1.5292851359811406,7.104286005405431,6.523826522432116,-0.054956136108382035,0.19533925203512342,-0.06843357766483092,0
1.5289924404680675,7.102710852764148,6.523928059093606,-0.054142173399463894,0.2300639919325239,-0.09459767903775781,0
1.5290410637861847,7.10061760123306,6.522957845765542,-0.04842771927165574,0.2641905820883745,-0.11741159510748565,0
1.5294652385807246,7.098060168926748,6.520933676127346,-0.03770911403947627,0.29624838582467655,-0.1356268191947009,0
1.5302941136824948,7.0951275744213556,6.517918844206355,-0.022042553166090675,0.3249730738019993,-0.14832860797760503,0
1.5315439733248395,7.091943262733014,6.514018717201533,-0.001644418413999254,0.3493780331751657,-0.1550022958671863,0
1.5332103535451251,7.088662348006119,6.509375285208728,0.023108421265380024,0.3687951592523977,-0.15556741539884805,0
1.535260959225106,7.085466650963662,6.504160016267426,0.05167841851829466,0.3828838294306592,-0.1503774260053564,0
1.537630297799165,7.082557543435203,6.4985654158065,0.0833685619975547,0.3916096288214983,-0.140184914070097,0
1.5402168737468633,7.080146769452743,6.492795736817984,0.11732742202983112,0.3951968511967617,-0.1260742445246076,0
1.542883630050804,7.078445583839185,6.487057314890429,0.15256128233855387,0.3940609204699368,-0.10936589006406572,0
1.545462080372988,7.077652723014917,6.481549012638473,0.18795689522313222,0.38872856027449015,-0.09149897535013332,0
1.5477602568499769,7.077941883894867,6.476453247223596,0.2223178922370926,0.3797546174641724,-0.07390078480723768,0
1.5495742239266226,7.079449517410512,6.471928035023891,0.2544164867890642,0.36764478242482235,-0.05785385090840685,0
1.5507025155656957,7.0822638233578905,6.468100416239514,0.2830599699441397,0.3527929545826154,-0.04437244069113575,0
1.5509624878502666,7.086415842419882,6.46506152607643,0.30716900252626006,0.33544060281389826,-0.03410043945148143,0
1.5502072835584653,7.09187346275193,6.462863472439974,0.32586229049387694,0.3156631298903186,-0.027241539067478275,0
1.5483419102641993,7.098538987735822,6.461518080493139,0.3385402314681611,0.2933850482617922,-0.023530216529249796,0
1.5453368599165012,7.106250662468041,6.46099748765008,0.3449586852129432,0.2684219983231641,-0.022248388592234245,0
1.5412377604066427,7.114788260015252,6.461236524400758,0.345283205055546,0.24054381020247578,-0.022288206287291792,0
1.5361697568546595,7.123882519554885,6.462136787246658,0.3401140381876629,0.20954961406857942,-0.0222567485028747,0
1.5303356736149378,7.133227934330527,6.463572276820378,0.3304733573132705,0.17534415306487647,-0.02061400798387794,0
1.5240074991258654,7.142498124874568,6.465396411420563,0.3177490321189253,0.13800449132030143,-0.01583205407395059,0
1.5175113395283018,7.151362816291339,6.467450125967076,0.3035940644007591,0.09782837066858642,-0.006560903649335282,0
1.5112066513125877,7.159505286635588,6.469570654790465,0.28978724092509245,0.05535903795700518,0.008214434356685257,0
1.5054612072717446,7.166639090647544,6.471600522060811,0.27806742323198125,0.011385322469492372,0.029040971800670282,0
1.5006237787711845,7.172522907772086,6.473396257285617,0.26995944551868434,-0.0330810881063581,0.0559023083066014,0
1.4969968469266297,7.17697251508936,6.474836398556383,0.2666121957268019,-0.07684740387630715,0.08817112932146193,0
1.4948117357942188,7.179869123284907,6.4758283912931285,0.26866832669932783,-0.11859605289574136,0.12461573797960647,0
1.4942083891998017,7.181163606104839,6.476313994888411,0.2761805886345196,-0.15695097029685756,0.16346173186739257,0
1.495221631321864,7.180876471241216,6.476272783238993,0.2885833348212923,-0.19054936972833378,0.2025048277606453,0
1.4977752245492015,7.179093737568335,6.475723323495555,0.3047209611526562,-0.21811484333363845,0.23926624946535144,0
1.5016844252756636,7.175959176473563,6.474721703278069,0.3229291623459176,-0.23852825995368465,0.2711785158977343,0
1.5066670801096815,7.171663621210187,6.473357276830618,0.3411604924114306,-0.25089374279205723,0.29578713350672686,0
1.512362634043929,7.166432226965591,6.471745789032086,0.35714273268725544,-0.2545977091559823,0.3109526084137489,0
1.5183577737630851,7.160510659162894,6.47002034738616,0.3685566217677386,-0.24935919720594452,0.31503718999055896,0
1.5242168441462756,7.154151191660122,6.468320969666473,0.3732183125704852,-0.23526929073504943,0.30706161817098176,0
1.5295147016110697,7.147599618174934,6.4667835819215895,0.36925154257800963,-0.21281651053365275,0.28681872670066605,0
1.533869360054533,7.141083740769811,6.465529363465747,0.3552352220045447,-0.18289406352172885,0.25493310109714173,0
1.536971700328108,7.134804023373918,6.464655259134857,0.33031422717978237,-0.14678451150020116,0.21285930078988904,0
1.53860969108368,7.1289268044159675,6.464226345398186,0.2942646757228682,-0.10611827454482493,0.16281555567113656,0
1.5386850097326938,7.123580259593945,6.4642705742074416,0.24750959865327132,-0.06280452126534655,0.10765515813669713,0
1.5372206163401294,7.118853097723061,6.464776241678962,0.19108614866056073,-0.01893606429741029,0.0506834526693436,0
1.5343586436533057,7.114795767506613,6.465692352198926,0.1265705121349537,0.02332670910149266,-0.00456636772012443,0
1.5303488267149188,7.111423769528035,6.466931886243471,0.055970750573838775,0.06188465384883386,-0.054581237033938114,0
1.525528509675741,7.10872253203618,6.468377834132576,-0.01839964675482957,0.09483073602126854,-0.09611997701875678,0
1.5202959567407894,7.1066532427382,6.469891714608623,-0.09405387905207901,0.12057092228745751,-0.12644825887783154,0
1.5150792045024208,7.105159037561579,6.471324137948058,-0.16845684600473673,0.1379231964427088,-0.14353761032705753,0
1.5103029928346932,7.1041710206484705,6.472526789751369,-0.23913256961199902,0.14618454389743826,-0.1462125425280834,0
1.5063563879786355,7.103613707453462,6.4733650166455075,-0.3037468381398567,0.1451588991751745,-0.13423444992735079,0
1.50356356902625,7.103409620742536,6.473730026141795,-0.3601616986219945,0.13514315541543917,-0.10831629835336266,0
1.5021599127664707,7.103482904596633,6.473549621754983,-0.40646230602467665,0.11687273233932652,-0.07006770609242341,0
1.5022750277358448,7.103761937567761,6.472796428361589,-0.4409601594671764,0.09143224579914272,-0.021875379137151506,0
1.5039238150928782,7.104181015383393,6.471492742794681,-0.4621794935984908,0.06014006033452344,0.03327133102649299,0
1.507006027542165,7.104681235687292,6.469711452869335,-0.46883524913615704,0.024417716427704506,0.09199592099658713,0
1.5113141977890143,7.105210755191261,6.467572851434012,-0.45981154665544965,-0.014343621002584432,0.15077432322052486,0
1.5165492372517329,7.105724607157836,6.465237563680975,-0.43414898885835446,-0.05490736600421862,0.20617965803169255,0
1.5223424788221473,7.106184268412989,6.462896148958134,-0.3910474897370949,-0.09629474498406278,0.25511267796945797,0
1.5282824748280495,7.106557153713186,6.4607561992948845,-0.3298888079683843,-0.1378569902249473,0.2949995408318535,0
1.533944497369488,7.106816192645242,6.459027926626206,-0.25027985308923556,-0.17930881707916796,0.32394137697678277,0
1.5389204687649631,7.1069396080632075,6.457909316479391,-0.15211456329777118,-0.2207187441693741,0.34080453955512924,0
1.5428470184690979,7.106910962047683,6.4575719385528,-0.03564906054843329,-0.26245590440533106,0.34524611149190937,0
1.5454295418282264,7.106719467606026,6.458148449823635,0.09841799731286756,-0.30509787343342093,0.3376756441189735,0
1.5464605144673018,7.106360492865142,6.4597227065054295,0.2488703589325845,-0.34930935064048374,0.3191604676601595,0
1.5458308509971865,7.105836124777281,6.46232322417693,0.41391668416253663,-0.39570642401197853,0.29128737610467575,0
1.5435337238633058,7.1051556226632355,6.465920500323872,0.5911635016349036,-0.44472443462628924,0.2559972528490959,0
1.5396609045499052,7.104335581230189,6.47042844813062,0.7776304205111065,-0.4965080385823856,0.21541074642716362,0
1.5343922845040414,7.1033996364398835,6.475709893622293,0.969816288348883,-0.5508394903713366,0.17166230210303243,0
1.5279797199190712,7.102377587015294,6.481585777512689,1.1638199360357053,-0.6071158471825451,0.1267569881836101,0
1.5207266900584855,7.101303875031255,6.487847402852357,1.3555126020252095,-0.6643787646836199,0.08246022056608943,0
1.5129654600194697,7.100215472080506,6.494270802503718,1.5407518443817507,-0.721393076781922,0.040225430835056766,0
