acceleration.x,acceleration.y,acceleration.z,rotationRate.alpha,rotationRate.beta,rotationRate.gamma,__v
0.1053252992939664,-0.10119480292090229,-0.10119078188200326,-1.790224633976005,1.0931248483048936,-1.0175157117401379,0
0.09138180342313505,-0.09837678917405253,-0.0861830101038207,-1.6156283103335598,0.9095787895307369,-0.8844957400077521,0
0.07722603944560813,-0.09541680866538323,-0.07145919872062456,-1.4424945019813522,0.7284758824862081,-0.75598679127411,0
0.06303683327590637,-0.09234112399640923,-0.05733852067938034,-1.2720790549684078,0.5526733724314623,-0.6341824296507695,0
0.04899332388550336,-0.0891822787490773,-0.044109103139316874,-1.1055881360346322,0.3848600563452341,-0.5207124137639565,0
0.035268831680436506,-0.08597666392656259,-0.03201552950776276,-0.9441441190422468,0.22744371010285577,-0.416559915111976,0
0.022027069476862483,-0.08276276468144314,-0.021249687531017893,-0.7887547503709049,0.08245467982182594,-0.32203496539929727,0
0.009420707922337653,-0.07958016916990616,-0.011945517286236674,-0.6402878494628444,-0.04852823252876758,-0.23680673182858789,0
-0.0024081006429346632,-0.07646927558667757,-0.004177847527092245,-0.49945371779092845,-0.16442490270649818,-0.15999103275930515,0
-0.013325921981532395,-0.07347152961160336,0.0020348742176608337,-0.36679697106171577,-0.2646714993533921,-0.09028409537694855,0
-0.023205788896470358,-0.07062996494417213,0.006724501607359593,-0.24269866858912578,-0.3492086976300147,-0.026129656339249525,0
-0.03192534239690113,-0.0679897929184265,0.009964570363664044,-0.12738851113593055,-0.4184433450348416,0.034095642167677395,0
-0.03936613100882992,-0.06559877865914925,0.01186010412017789,-0.020965741377727477,-0.47318871215820674,0.09189422594920146,0
-0.04541468519648476,-0.06350714325227441,0.01253684225064049,0.07657353520635805,-0.5145898222813239,0.14847212392270392,0
-0.049965771222106194,-0.061766750207030825,0.012130816589361002,0.16530540999220644,-0.5440406104725519,0.2045900686787661,0
-0.052927955118746595,-0.060429387046289126,0.010779061121171711,0.24534649841668085,-0.5630989640858913,0.2604534197947204,0
-0.05423128433374722,-0.05954405340122964,0.008612053567021568,0.31682415671971154,-0.5734044180739573,0.3156508279932012,0
-0.05383654959314354,-0.0591533135990916,0.005748283713125824,0.379850722443331,-0.5766018426941353,0.36914852182908525,0
-0.05174526404611853,-0.059288943382928685,0.0022911368413071243,0.43450333599545976,-0.5742732083482894,0.4193433046329141,0
-0.04800923947708505,-0.05996726392390555,-0.0016719156463618013,0.4808103710314247,-0.567878651623127,0.46417286211087416,0
-0.042738498350940235,-0.061184677158474955,-0.006068001911818774,0.5187451429886887,-0.5587076635325177,0.5012770431309491,0
-0.03610627273109781,-0.06291396965103026,-0.010835741908836165,0.5482274387947477,-0.5478411935433043,0.5281988154673904,0
-0.02835002157618847,-0.06510192930003006,-0.01592078895844194,0.5691334744391827,-0.5361256013383056,0.5426091650659192,0
-0.019767733244486257,-0.06766872678787125,-0.021270540134209214,0.5813150073308372,-0.5241594258003734,0.5425368824572482,0
-0.010709231328062873,-0.07050936360823742,-0.026828577916858817,0.5846283267070659,-0.5122936805088513,0.5265825105863184,0
-0.0015627126374957072,-0.07349729258274793,-0.03252942070460429,0.5789735228347888,-0.500645823085396,0.494096185324348,0
0.007262750539679995,-0.07649009218065328,-0.03829415323707486,0.5643436113041395,-0.48912688020366596,0.44530197128285787,0
0.015357585854602153,-0.07933685211675827,-0.0440274799507067,0.5408816646684851,-0.47748068221534257,0.38135647674953654,0
0.022333529021171358,-0.081886741405815,-0.04961668338794784,0.5089421927107051,-0.46533383224400815,0.3043363406985205,0
0.02784530836392201,-0.0839981105733151,-0.0549328568244365,0.46915101084236766,-0.45225470180318017,0.2171564283660202,0
0.031610711801719975,-0.08554743779036626,-0.0598346019874166,0.42245632255959076,-0.4378191038541456,0.12342692995577559,0
0.03342773824734547,-0.08643745731492589,-0.06417414539094163,0.37016322325841416,-0.4216792292301891,0.027262071292789757,0
0.03318780367422851,-0.08660389128829435,-0.06780555866043346,0.31394451090966136,-0.40363118976325674,-0.06694449945046094,0
0.0308842536000016,-0.0860203240222806,-0.07059450999824582,0.2558224157684406,-0.38367558518722344,-0.1547621040157175,0
0.026615690912652333,-0.08470089393481478,-0.07242876407829046,0.1981182823912264,-0.36206531673548675,-0.23196842906370704,0
0.02058385195148361,-0.08270061711208923,-0.07322850991293793,0.14337000031473576,-0.3393354828748619,-0.2947845053456212,0
0.013085969005413343,-0.08011328744051989,-0.07295553735440488,0.0942198727360066,-0.3163113733909636,-0.34008733930647045,0
0.004501769485657268,-0.07706701861642107,-0.0716203028432354,0.05327855677370465,-0.2940920514129211,-0.36558972104566523,0
-0.004724495660381417,-0.0737176090772854,-0.06928603020368682,0.022973604724694577,-0.2740087108626746,-0.36997823424159987,0
-0.014106320446303389,-0.07024003099880297,-0.06606919541145545,0.005393681921054443,-0.2575590291831914,-0.35300219573672303,0
-0.023140529386456957,-0.06681847161193818,-0.06213604650712142,0.002141225608540865,-0.24632111278044863,-0.31550825308847674,0
-0.03133490480244882,-0.06363548006913029,-0.05769518229485667,0.0142066678806886,-0.24185302524294244,-0.2594176885560714,0
-0.03823633960285123,-0.060860876921546285,-0.052986599723074845,0.04187622312908901,-0.24558570131814395,-0.18764611596337613,0
-0.04345785084239445,-0.05864114373204347,-0.048267961142054276,0.08468285618754241,-0.25871780225118207,-0.10396819578414236,0
-0.04670275936933017,-0.05709000963114123,-0.04379909322041447,0.14140676884315537,-0.2821207271932496,-0.012833109811503167,0
-0.047784440192045384,-0.0562808823957099,-0.03982589933982412,0.21012785347963692,-0.31626092715008247,0.08086048242997909,0
-0.046640269668124484,-0.05624164007342378,-0.0365649449619346,0.2883282601556203,-0.3611452665937464,0.17201885902164735,0
-0.0433387128015421,-0.05695212507498958,-0.03418995077972578,0.37303878773101506,-0.41629355728541423,0.255624310685531,0
-0.038078868357088194,-0.05834449570047648,-0.03282128676533459,0.461018708346544,-0.48074041832006853,0.3270094496857274,0
-0.03118218589771481,-0.060306419947868825,-0.03251930064488705,0.5489554298585095,-0.5530662170674738,0.38212115719197853,0
-0.02307646999880281,-0.06268695920387293,-0.03328196292133039,0.6336685512645647,-0.6314542483001848,0.4177605466627497,0
-0.01427269836356348,-0.06530487967752115,-0.03504691520164339,0.7123025880005642,-0.7137690472914592,0.4317852214907369,0
-0.005335620627294468,-0.06795902636024984,-0.03769762264328848,0.782493894727172,-0.7976493779721439,0.4232601200178881,0
0.003150418045645431,-0.07044027836694616,-0.04107300112821842,0.8424998374736442,-0.8806092713698384,0.392543982592072,0
0.010618495330063302,-0.07254447414759391,-0.04497964990379949,0.8912816446705525,-0.9601413558808901,0.3413007321870959,0
0.01655660767717022,-0.07408557135980998,-0.04920569028834599,0.9285360863794212,-1.0338181429142375,0.2724293282100397,0
0.020543002887910902,-0.074908221990152,-0.05353518916872082,0.9546747254823377,-1.0993883751406455,0.1899117292565087,0
0.022276670087168004,-0.0748989246657541,-0.057762208410788794,0.9707526780206173,-1.1548666079962564,0.09858556724431423,0
0.021600542846953365,-0.07399497010910504,-0.061703630201933826,0.9783515941676628,-1.1986146413682084,0.0038547686580219166,0
0.018515457913522444,-0.07219051167822321,-0.06521002975640348,0.9794241047222741,-1.2294131572606248,-0.0886433666239968,0
0.013183589273634564,-0.06953925296175159,-0.06817398689277573,0.97610947528374,-1.2465210424473325,-0.1733927597122594,0
0.005920867136100455,-0.06615343435647589,-0.07053535667998065,0.9705326940289772,-1.2497187010806878,-0.24535161359041088,0
-0.002821285569979002,-0.06219901452930044,-0.07228317652501674,0.9646014124614752,-1.2393306784773397,-0.30028121882329284,0
-0.012483782798194221,-0.05788717812637453,-0.07345408056211758,0.9598165776592312,-1.216222614972149,-0.3350297316451655,0
-0.02243547075275428,-0.0534625502496981,-0.07412730720646568,0.957112797887222,-1.1817682658551367,-0.3477531353311971,0
-0.03201414916232103,-0.04918874492812662,-0.07441659675727101,0.9567432519049931,-1.1377841849131953,-0.3380591660808448,0
-0.04057030738527835,-0.04533209954229114,-0.07445946814293525,0.9582212567144124,-1.0864325877832126,-0.3070637880245638,0
-0.04751066356042439,-0.0421446322760685,-0.07440453916506855,0.9603265049295348,-1.0300965814915901,-0.2573537740968838,0
-0.05233855645925303,-0.039847387710732936,-0.0743977160257245,0.9611786592954114,-0.9712358375056139,-0.19285342187835058,0
-0.05468836402128065,-0.038615385056897954,-0.07456821363892484,0.9583749231147884,-0.9122341866061173,-0.1185989104217766,0
-0.054351428406174955,-0.03856533155585861,-0.0750154541060216,0.9491821541382478,-0.8552527603779767,-0.04043046653971708,0
-0.051291476553870376,-0.03974709780855289,-0.07579790536533601,0.9307688601265827,-0.8021025852837984,0.03538015994114495,0
-0.045648235045290066,-0.042139679108618586,-0.0769248541683758,0.9004585804801236,-0.754148731498451,0.10254254769657245,0
-0.03772880411196492,-0.04565201276456909,-0.07835195220975694,0.8559839940389303,-0.7122545401241962,0.15517130470306487,0
-0.0279872977939585,-0.05012862255610181,-0.07998112977520387,0.7957206806285436,-0.6767698497294188,0.18818872264866418,0
-0.01699418178273991,-0.05535965910762865,-0.08166514369061446,0.7188808045658346,-0.6475624020152342,0.1976751492687496,0
-0.005397560573714424,-0.0610945415304085,-0.08321663566063651,0.6256500152071034,-0.6240874124468816,0.18113947600107286,0
0.006120690527001119,-0.06705812149956672,-0.08442115984405506,0.5172553719241734,-0.6054869844337323,0.13768833282826895,0
0.016890640967167993,-0.0729681174111511,-0.08505324468682159,0.3959577022840968,-0.5907087169813909,0.06808075170104502,0
0.026298418357782818,-0.0785525175607793,-0.08489423667380466,0.26496791999861624,-0.5786315390976529,-0.025335500301096756,0
0.033825414754884105,-0.08356572068859598,-0.08375047442418038,0.12829282549046914,-0.5681865611502809,-0.1387998075556928,0
0.039079706580623,-0.08780234702046617,-0.08147028110936828,-0.009478774713321605,-0.5584616041007294,-0.26741120191741513,0
0.041817485905757075,-0.09110788391413407,-0.0779583423643783,-0.1434345486827476,-0.5487800023473677,-0.4054736951948651,0
0.04195317454593773,-0.09338559945962878,-0.07318624451036133,-0.2686236576195636,-0.5387471298430219,-0.5468847516562376,0
0.039557883631128984,-0.09459944152194893,-0.06719826682055163,-0.380348606367864,-0.5282616488029536,-0.6855342602950919,0
0.03484688866253892,-0.09477292033319601,-0.060111928493391274,-0.4744439543335442,-0.5174924007169422,-0.8156818089148923,0
0.02815770031440551,-0.09398423571403895,-0.05211325229061834,-0.5475230503008717,-0.5068256889016461,-0.9322838192251744,0
0.019921018555289324,-0.09235814458178468,-0.04344717582910453,-0.5971764348775987,-0.49679087904573865,-1.0312485769355817,0
0.010627287114935848,-0.09005526220161607,-0.034403963345243274,-0.6221091983271396,-0.48797425165921765,-1.1096053510468074,0
0.0007916908410654979,-0.08725964459075276,-0.025302793253212677,-0.6222091064264736,-0.4809315910824524,-1.1655824054017248,0
-0.009079712376403632,-0.08416560280665172,-0.01647388233524751,-0.5985423809723849,-0.47610913708502883,-1.198596639849744,0
-0.01852039195750827,-0.0809647450764463,-0.008240539719394238,-0.5532792810483577,-0.4737805785689541,-1.2091641360975582,0
-0.02712842687874213,-0.07783422097665857,-0.0009024286382895857,-0.4895566590713847,-0.4740051573366388,-1.1987458124242691,0
-0.03458495670044033,-0.07492704310014407,0.00527892490684175,-0.411288983882217,-0.476609054767778,-1.1695458647700894,0
-0.040665239401057235,-0.07236517774563052,0.010091661565666949,-0.3229424571854222,-0.4811893765061051,-1.1242828976160686,0
-0.045242104236855776,-0.07023582841772263,0.013381799224763163,-0.22928846569725578,-0.4871375630233407,-1.0659546322807387,0
-0.04828213165714117,-0.0685910040873789,0.015058102296996168,-0.13515264142648362,-0.49367733440023714,-0.997616595628608,0
-0.049835415930486585,-0.06745010992269793,0.015093847882266982,-0.04517445720447436,-0.4999117103165034,-0.9221929709003983,0
-0.050020238430716076,-0.06680497740431414,0.013525884468738031,0.03641005456024618,-0.5048743822683952,-0.8423337771195746,0
-0.04900435491686387,-0.06662651663514085,0.010451429513254151,0.10595279273261601,-0.5075824495372157,-0.7603270293327856,0
-0.04698482925155942,-0.06687206021862936,0.006023014896593974,0.16053876318871238,-0.5070895102822789,-0.6780681384480808,0
-0.044168387925376994,-0.06749248252344947,0.00044189832561164076,0.19808847397821092,-0.5025394589560876,-0.5970823316335181,0
-0.04075410296918265,-0.0684383048331864,-0.006049845849608326,0.2174167860314381,-0.4932215590367607,-0.5185901126086089,0
-0.036919843213031905,-0.06966420701425555,-0.013178427100791404,0.21824958041504441,-0.47862647303841094,-0.4436014295839471,0
-0.03281341042435235,-0.07113162624098061,-0.020648543152301888,0.20120106600045476,-0.4585013767940789,-0.3730217955543712,0
-0.028548677952769295,-0.0728093984747882,-0.028154591325851852,0.16771543284017745,-0.4329005822774071,-0.30775335884266325,0
-0.024206471454017362,-0.07467265488094593,-0.03539272797195054,0.1199770295342302,-0.4022266548971679,-0.24877572510136411,0
-0.019839455096034225,-0.07670039123697688,-0.04207351048565654,0.060793473697081664,-0.3672561261665637,-0.19719470459303998,0
-0.015479954745981022,-0.07887225750160086,-0.04793471914153759,-0.0065437765384109055,-0.32914377437394493,-0.15425146089488134,0
-0.01114946663319481,-0.0811651538329045,-0.05275380903570818,-0.07841674024538192,-0.2894001974715269,-0.12128920615928668,0
-0.0068685528535766425,-0.08355017415975512,-0.056359310633807044,-0.1510512398387974,-0.24983905800871242,-0.09967923110777324,0
-0.0026659007224646846,-0.08599033115390328,-0.05864040506527945,-0.22069493253783173,-0.21249285448845373,-0.0907123840272159,0
0.001414491629463686,-0.08843935509823325,-0.05955386803927669,-0.2837970874226514,-0.17949917443359903,-0.09546583618067254,0
0.005308769298380331,-0.09084170804460343,-0.05912762166812007,-0.33718326913699964,-0.15296280781292237,-0.11465780690096183,0
0.008931759184435811,-0.09313381277462236,-0.05746027096559623,-0.37821708739078996,-0.13480242241075385,-0.14850466085178698,0
0.012178708293654545,-0.09524637782936708,-0.05471623699119066,-0.40494026659736604,-0.12659321892590933,-0.1965953428828954,0
0.014930029686998232,-0.09710761329267795,-0.05111642122885303,-0.41618180964218005,-0.12941862744322113,-0.2577974740028915,0
0.01705859749200887,-0.09864707730139774,-0.046924718399325105,-0.41162733358095704,-0.1437444214374365,-0.33020759920041026,0
0.018438917595551964,-0.09979986521500564,-0.042431098272092516,-0.3918410225158629,-0.1693276427753103,-0.4111550623101683,0
0.01895734754541482,-0.10051084552352424,-0.03793235592292639,-0.35823517231944235,-0.2051706816859094,-0.49726487682265147,0
0.018522459017727838,-0.10073865363850515,-0.03371193640701732,-0.3129858591862164,-0.24952797868514948,-0.5845800426571843,0
0.017074638265753304,-0.10045917320842447,-0.030020427298263652,-0.2588974957632333,-0.29996924223631016,-0.6687385132462332,0
0.014594104272009963,-0.09966826258676444,-0.027058343577551682,-0.19922344279465257,-0.3534988879042517,-0.7451950330605166,0
0.011106675136291155,-0.09838352076985295,-0.02496268751211064,-0.13745387972671072,-0.40672680094784486,-0.8094738658082107,0
0.006686801572616002,-0.09664493242476575,-0.02379846447589791,-0.07708534265659255,-0.4560809238262837,-0.8574353645572232,0
0.0014575827494396685,-0.09451428566916914,-0.023555914043369833,-0.021388409319772327,-0.49804813133093234,-0.8855375773560688,0
-0.0044123333115940605,-0.09207331886817562,-0.024153727186462363,0.026809198292226586,-0.5294268623264358,-0.8910737313021417,0
-0.010714887875439795,-0.08942062288667527,-0.025448015404224172,0.0653073755236699,-0.5475732559242287,-0.8723675508538873,0
-0.017211543998378896,-0.08666740067841322,-0.027246316084186723,0.09267147717151093,-0.5506220490485273,-0.8289109173425238,0
-0.023644604463307982,-0.08393226274212022,-0.029325491396249362,0.10831176060430212,-0.537664077196064,-0.7614321866204427,0
-0.02975034334201865,-0.0813353087181983,-0.03145203263322638,0.11249747460767795,-0.5088638351863681,-0.671888214501063,0
-0.03527322363427998,-0.07899180459668663,-0.03340304463378308,0.10630405258276442,-0.4655033986031985,-0.5633784030157958,0
-0.03998033641306019,-0.07700580497355826,-0.034986082239690415,0.09149770471461491,-0.40994344829017226,-0.43998455019841853,0
-0.043675096665099285,-0.07546408884188376,-0.03605606610180568,0.07036742185238144,-0.3454984112938566,-0.30654573189828893,0
-0.04620919105467722,-0.07443078042382827,-0.03652773149493664,0.04551941531083752,-0.27623053740630454,-0.16838262106411492,0
-0.04749181813904808,-0.07394302016920985,-0.0363824542994155,0.019652709831164107,-0.2066760791972896,-0.030990154444656786,0
-0.04749541024195341,-0.07400803530191438,-0.03566882186144106,-0.004663556842349624,-0.1415242154675922,0.1002792954421473,0
-0.046257279359276114,-0.0746019238429624,-0.03449692171349434,-0.025190921317920674,-0.0852746936874421,0.22051869954404982,0
-0.043876965878682166,-0.07567039494492454,-0.03302694538160993,-0.04018281771817723,-0.041902735757276564,0.325532428650021,0
-0.040509448226561,-0.07713158983130691,-0.03145328090982893,-0.0484930725219168,-0.014559542044478733,0.4120460739699053,0
-0.03635474343077645,-0.07888094227341311,-0.02998572948582059,-0.04962439930993138,-0.005333959496482309,0.47784566058417743,0
-0.03164474267825918,-0.08079784165294972,-0.02882976681982277,-0.043716204743779255,-0.01509570442684054,0.5218384364828709,0
-0.026628342126553264,-0.08275366484121142,-0.028167832813813642,-0.03147746327017659,-0.04343316308129223,0.5440346492184441,0
-0.021556026684221512,-0.08462058034041836,-0.02814345947630629,-0.014075902486478472,-0.08868986135605221,0.5454567921727292,0
-0.016665045167484304,-0.08628042799547404,-0.02884966477778325,0.007001413467958566,-0.1480943590891694,0.5279888718693988,0
-0.012166198764000593,-0.08763295312212528,-0.03032251203156709,0.030099224507634446,-0.2179699450722661,0.4941826014981245,0
-0.008233078433390687,-0.08860272199138328,-0.032540138306218915,0.053540438274378106,-0.2940041190471141,0.4470396271893166,0
-0.004994357755070041,-0.08914415355974706,-0.03542696734485856,0.07575357945597401,-0.3715538591407507,0.38978888662900113,0
-0.002529498768223818,-0.08924425471268682,-0.0388623108294542,0.09537107597462778,-0.44596102115466635,0.32567629230940726,0
-0.0008679776982556608,-0.08892282826341007,-0.042692184130468595,0.1112928395565348,-0.5128527229866312,0.25778066657703,0
8.101253467471994e-06,-0.08823012092214817,-0.046742956679581685,0.12271428990054035,-0.5684041592848121,0.18886585352342525,0
0.00015835304832692066,-0.08724207979448124,-0.05083543071446261,0.12912191705658047,-0.6095458787553929,0.12127478649392717,0
-0.00032404179836243525,-0.08605357860886556,-0.054798072240578345,0.1302622599637852,-0.6341037626670908,0.05686749820187232,0
-0.0013222955723751412,-0.08477014687266766,-0.05847835969318223,0.1260917562962333,-0.6408669878431523,-0.002998055471608565,0
-0.002706957407103793,-0.08349887429452556,-0.06175151553993344,0.11671549613092938,-0.6295861197594799,-0.05744587579800504,0
-0.0043469411273040475,-0.08233925623254153,-0.06452619437634986,0.10232277729134807,-0.6009092185431731,-0.10602790717475895,0
-0.0061197053443871555,-0.08137477995290891,-0.06674698283873613,0.08312677193994376,-0.5562678656558975,-0.1486432381168949,0
-0.007919699414525371,-0.08066601234160076,-0.06839380778100833,0.05931473782202788,-0.49772720912324503,-0.18543932913510877,0
-0.009664331039473865,-0.08024582706623548,-0.06947855303022328,0.03101407632811011,-0.42781473999277214,-0.21670560738726766,0
-0.01129695730704817,-0.08011720379787411,-0.07003935933007667,-0.001721923145986275,-0.3493419896869896,-0.24277066180925255,0
-0.012786729229812506,-0.08025376431676119,-0.07013322730737878,-0.03890668306891883,-0.26523207821967676,-0.26391403626359866,0
-0.014125481292275357,-0.08060292096968523,-0.06982765296703095,-0.08059154513097992,-0.17836427961049856,-0.2803020036867567,0
-0.015322191964391638,-0.08109125145548327,-0.06919209253715768,-0.1268182487076782,-0.09144454943541368,-0.29195384206005537,0
-0.01639579854790572,-0.08163151996665749,-0.06829007274081093,-0.1775576354847222,-0.006908222728289754,-0.29874146648655286,0
-0.017367303071456123,-0.08213065638764477,-0.06717272437366183,-0.23264144914145765,0.07314217527655963,-0.30042137914867423,0
-0.018252150489674386,-0.08249797999614096,-0.06587440744923342,-0.2916954170001736,0.14696467698268048,-0.2966943206125077,0
-0.01905380516593961,-0.08265299734315071,-0.06441090548349183,-0.3540823566664687,0.21317537507042306,-0.2872851331338965,0
-0.01975931147044351,-0.08253219685886529,-0.06278040166932479,-0.41886373139561184,0.2707227218723688,-0.27203338735730237,0
-0.020337416443525127,-0.08209438592684909,-0.06096713832074783,-0.48478682664496503,0.3188473340416052,-0.25098433744277,0
-0.020739575147344546,-0.08132425161235421,-0.058947343360913736,-0.5503025316725412,0.3570363115784159,-0.22446973077080307,0
-0.02090387178513913,-0.0802339597564226,-0.05669672564538338,-0.6136156455828301,0.38498017458202943,-0.1931688314024945,0
-0.020761591966271167,-0.07886273243831604,-0.05419863320298013,-0.6727658994898565,0.40253874977116316,-0.1581415894515963,0
-0.020245894403918486,-0.07727446368417498,-0.051451869046984365,-0.7257339642165298,0.4097200280939508,-0.1208280176193027,0
-0.019301775168536543,-0.07555355444375765,-0.04847718935005486,-0.7705633040257067,0.4066734322496717,-0.08301033938619287,0
-0.01789631605063324,-0.07379927180516639,-0.045321664420083764,-0.8054865674955097,0.39369638448509064,-0.046737241291262506,0
-0.016028082366174333,-0.07211905538606805,-0.04206033181366387,-0.8290446975112398,0.37125094402511066,-0.014212579315731702,0
-0.013734506085816979,-0.07062128884120422,-0.038794866280477076,-0.8401880117056262,0.3399859385278653,0.012345826678861875,0
-0.011096177255674631,-0.06940810789657433,-0.03564929175118188,-0.8383506717222363,0.30075953617996504,0.030868207450483874,0
-0.008237184375926571,-0.06856881493618325,-0.03276304206605085,-0.8234926810769726,0.2546573669511473,0.039603217702428486,0
-0.005320992877724596,-0.06817440913021178,-0.030281928504750477,-0.7961064985922911,0.20300173750689576,0.037281555461216496,0
-0.002541806687104724,-0.06827362297083037,-0.02834778097392482,-0.7571883979260885,0.14734796285704793,0.023256422679544073,0
-0.00011187030814794131,-0.06889068995526133,-0.027087672220050325,-0.7081776919156694,0.08946440299511173,-0.0023949409414448473,0
0.00175433259912318,-0.0700248733231276,-0.026603682750844935,-0.6508695673293393,0.03129368403649906,-0.03882165415725655,0
0.0028576168430830104,-0.07165159438164405,-0.026964105499906296,-0.5873091869418581,-0.025105984277718107,-0.08440987073227905,0
0.003031737084873351,-0.07372484854169906,-0.028196838356148685,-0.519675718066893,-0.07763850908189443,-0.1368561373614276,0
0.002159417149453326,-0.07618051513223888,-0.030285503742904334,-0.4501650958660859,-0.12426346819414129,-0.19329937239156816,0
0.00018516135435161466,-0.07894015987225801,-0.03316860071293195,-0.3808798255178633,-0.16310010159867416,-0.25050126826257296,0
-0.0028764662620252555,-0.08191498353815045,-0.036741755364025734,-0.31373312896622935,-0.19253439241405346,-0.30505989558137875,0
-0.006937971126340551,-0.08500966319443798,-0.04086289785030369,-0.25037328892631694,-0.211320515571914,-0.3536380030472102,0
-0.011841816506844141,-0.08812593724346263,-0.045359968122470305,-0.1921321443003757,-0.21866738142907238,-0.3931863269020566,0
-0.017368877280122264,-0.09116587877835997,-0.05004055392856716,-0.1399994608660968,-0.2143015424354558,-0.42114317456080147,0
-0.023251763120492295,-0.0940348659075326,-0.05470271241147322,-0.09462257154730354,-0.19849947912074764,-0.43559435500232924,0
-0.029191898537104095,-0.0966442862659151,-0.05914613659274372,-0.0563284966126475,-0.17208504532971947,-0.43538172804044234,0
-0.03487894258071991,-0.09891401171638267,-0.06318281194846775,-0.025163893128620163,-0.13639116718705008,-0.4201537017336163,0
-0.04001095644980756,-0.10077466167530436,-0.06664637452383922,-0.0009467814125447195,-0.09318823432560587,-0.390356392295304,0
-0.044313696849228056,-0.10216965172207415,-0.06939953123979672,0.016676797037507705,-0.04458462231433916,-0.347169375810659,0
-0.04755753339482093,-0.10305700393446013,-0.07133912221807871,0.028178077252832147,0.007092753274082347,-0.2923945567466753,0
-0.0495707502692361,-0.10341087738798711,-0.07239866744163072,0.03409893424067,0.05942815988347459,-0.2283102752565376,0
-0.05024836592710096,-0.10322276081867561,-0.07254851179917753,0.035017879995428686,0.11004641050192113,-0.15750507604468839,0
-0.049556043581082086,-0.10250225489161448,-0.07179392850115052,0.0315311205096336,0.1567313396459467,-0.08270635828099057,0
-0.04752911590909137,-0.10127736048103533,-0.0701717286443421,0.024248614498365274,0.19752419204751578,-0.006618328633707113,0
-0.044267158626559854,-0.0995941843959801,-0.06774602758151277,0.013802573538854107,0.23079523867990137,0.06821863381018993,0
-0.0399248777481445,-0.0975159779888725,-0.0646038198389108,0.0008636860791805392,0.2552853615053176,0.13953863317070977,0
-0.03470029754678406,-0.09512143978536206,-0.06085091087800987,-0.01384112398305203,0.27011818062393467,0.20542663791412757,0
-0.028821339511432852,-0.09250224266883576,-0.05660855929359294,-0.02951612002358545,0.2747869343455101,0.2643606508219238,0
-0.02253187148430311,-0.0897597900000727,-0.05201092610904772,-0.045295518355544094,0.2691232206590448,0.3152235051447645,0
-0.016078198610633143,-0.08700126240809303,-0.04720315191046432,-0.060258138678838204,0.253256459067945,0.35729078136537085,0
-0.009696791371760119,-0.0843350848083284,-0.042339640640451065,-0.073459979901804,0.22757325867202477,0.39020260442162275,0
-0.003603831962497046,-0.08186601602572414,-0.03758197425864515,-0.08398373571333112,0.19268464154729575,0.41392695441808264,0
0.0020130624076394013,-0.07969013311536896,-0.033095855459909326,-0.09100120364980047,0.1494063420014645,0.42872081889300534,0
0.007000788504407976,-0.07789003830915561,-0.02904659102313138,-0.09384197061660086,0.0987535777225876,0.43509339670124514,0
0.011244403345798668,-0.07653064584912571,-0.02559287016862716,-0.09206010451752919,0.04194750788948372,0.43377309440275863,0
0.014668625885381474,-0.07565589710437597,-0.022878918803432464,-0.08549008242567213,-0.019573032298688283,0.42567771626534673,0
0.017237438259299687,-0.07528669899116158,-0.021025466377685004,-0.07428386721461867,-0.08414323654674308,0.4118854395415741,0
0.01895207103142432,-0.0754202846601316,-0.02012029057678176,-0.058922771536266266,-0.14987681385979504,0.39360314489625187,0
0.01984765784929249,-0.07603106559421967,-0.020209354881287375,-0.04020029619881725,-0.21469159664836224,0.3721285537004715,0
0.019988817462458855,-0.07707289524482429,-0.021289680250261605,-0.019175227655040466,-0.27636222045913883,0.3488034198411562,0
0.01946437959583001,-0.07848251755610237,-0.023305059841208287,0.002902398493044994,-0.33260227891441774,0.3249566545078949,0
0.018381432773570756,-0.08018385612742883,-0.026145521745124557,0.024686691219242742,-0.38117392739669426,0.3018385351210777,0
0.016858854740498593,-0.08209273476811114,-0.029651090664257067,0.04484422942621759,-0.4200181243814206,0.28054971671822754,0
0.015020503990234654,-0.08412161722365069,-0.033619948639092685,0.06216504619705269,-0.44739443455694383,0.2619711227770632,0
0.012988307321198815,-0.08618400615487894,-0.03782061324749417,0.07566513016532021,-0.46201654432505085,0.24670238364923167,0
0.010875559041404003,-0.08819823229470297,-0.04200729794351097,0.08466953217209568,-0.46316897110907207,0.2350168906704986,0
0.008780823509282894,-0.09009047449654119,-0.04593723882169704,0.088866584262347,-0.4507918506792172,0.22684061545765524,0
0.006782873754358784,-0.09179696140360077,-0.04938850166749354,0.08832634561423999,-0.4255236111074983,0.2217597783099467,0
0.004937086465959923,-0.09326539902739542,-0.05217665396502858,0.08348000591505833,-0.38869512218611835,0.21905956806480945,0
0.0032736442412849035,-0.09445573195759217,-0.054168720540626436,0.0750612175968459,-0.3422730732942649,0.21779277898910832,0
0.0017977755957159281,-0.09534037122594664,-0.05529304296790323,0.06401467772512619,-0.28875462021407117,0.21687380069185472,0
0.0004921011763505049,-0.09590401069402808,-0.05554401378765331,0.0513811964102527,-0.23101954548186576,0.21519026000224625,0
-0.0006790371848922342,-0.09614311896441942,-0.05498112072501074,0.03817149177717392,-0.1721500253891579,0.211722162748762,0
-0.0017635916073786841,-0.09606515381667795,-0.05372226750271841,0.025242675973334287,-0.11523125365422601,0.20565695885818241,0
-0.0028146845971101474,-0.09568751650829635,-0.051931887999121094,0.013191611824239405,-0.06314831329026195,0.19648877786473987,0
-0.003883012180985168,-0.09503625102292398,-0.049804890977658646,0.0022779323906935755,-0.018395581901487996,0.18409121916383892,0
-0.005009523205532739,-0.09414449838687133,-0.04754791535664944,-0.007613421070525932,0.017085507970788352,0.16875544023293712,0
-0.006219132293311051,-0.09305073504341271,-0.045359693516560384,-0.01696453871472137,0.04202636584784652,0.15118863879039193,0
-0.007516153208137278,-0.09179685251343381,-0.043412468510902254,-0.0265712719888723,0.055897972717445815,0.1324720279335245,0
-0.008881992868992949,-0.09042616825099145,-0.041836357185173756,-0.03744921248883046,0.05891800847967091,0.11398161270579514,0
-0.01027543271002754,-0.08898148914616907,-0.0407082828264382,-0.05070863913166106,0.0519973378694679,0.0972789828538826,0
-0.011635561340903778,-0.08750337306241625,-0.04004663427671145,-0.06741187634497743,0.036630788371979195,0.08398243815465493,0
-0.012887138951888413,-0.08602874264679666,-0.03981219068523003,-0.08842861941469304,0.014743040730992692,0.07563066076957606,0
-0.013947903764242093,-0.0845899916033105,-0.03991515709226614,-0.11430505878355197,-0.011494600149295365,0.07355162555220732,0
-0.014737105228421827,-0.08321468108168589,-0.04022747732286445,-0.1451611059435076,-0.03985766281637681,0.07874849196119922,0
-0.015184390882918225,-0.081925853605956,-0.040599017544187786,-0.1806269570326254,-0.06825266125796586,0.09181205325243655,0
-0.015238100546760508,-0.08074290357830759,-0.04087581765738353,-0.2198260638768303,-0.09487441367956818,0.1128662879228617,0
-0.014872046135072469,-0.07968285282453862,-0.04091842994222233,-0.26140683249764435,-0.11832323594107157,0.14155010117785324,0
-0.014089986598698945,-0.0787618048062511,-0.040618413360439067,-0.3036205421876402,-0.13767431131827743,0.17703489661337263,0
-0.01292724236078429,-0.07799630849301933,-0.03991130546257204,-0.34443851818263066,-0.15249746615180154,0.21807455646361917,0
-0.011449208925361462,-0.07740436419051998,-0.03878480727379875,-0.38169787378040065,-0.16283093634987106,0.2630820039393222,0
-0.009746880431107762,-0.07700585138134146,-0.037281433722001864,-0.4132624787050368,-0.16911685469024534,0.3102249055169766,0
-0.007929826483791624,-0.07682224402677004,-0.03549544585587809,-0.4371844485451034,-0.17210881370229317,0.35753223893416536,0
-0.006117333823921484,-0.07687558425496166,-0.03356444035307405,-0.45185151485457564,-0.17276297931454396,0.40300332291536234,0
-0.004428602752800431,-0.07718678989921275,-0.031656484261886025,-0.45610712592839797,-0.17212410105974654,0.44471140745017224,0
-0.0029729704857876,-0.07777345601547479,-0.029954110422239402,-0.4493329103760933,-0.17121673199211537,0.48089502806747025,0
-0.0018411241155398424,-0.0786473637364226,-0.02863679227605137,-0.4314869471981738,-0.17095035691818963,0.5100319814669488,0
-0.0010981719239210352,-0.07981193012830118,-0.027863657997234698,-0.4030957448217045,-0.17204517601750355,0.5308928381579979,0
-0.0007792700216835618,-0.0812598266786932,-0.027758158313947262,-0.3652024555731829,-0.17498313778371438,0.5425731425174376,0
-0.0008882578502740723,-0.0829709719984431,-0.028396169726328073,-0.31927810499495257,-0.17998647136351956,0.5445056137256615,0
-0.0013994503117182532,-0.08491107724529678,-0.029798622634472555,-0.2671059843867739,-0.18702340164374728,0.536455507954455,0
-0.002262386661516191,-0.08703089915951767,-0.03192924373732328,-0.21065144748359538,-0.19583803498932814,0.5185035816885039,0
-0.00340898619463346,-0.08926633718410797,-0.03469746067257566,-0.1519299741315086,-0.20599890036681273,0.4910216010098191,0
-0.004762264107493464,-0.09153949102753291,-0.037966003334694826,-0.09288554406425777,-0.21695877817670284,0.45464503130079675,0
-0.006245571674919649,-0.09376076115016128,-0.04156230769585495,-0.03528931884090575,-0.2281176392713108,0.41024660008730945,0
-0.007791271066670563,-0.09583201694366575,-0.04529252030186266,0.019334303689017816,-0.2388809272879824,0.3589131506352541,0
-0.009347830505326086,-0.09765077474764094,-0.048956731157038406,0.06975062246322745,-0.24870698697048926,0.3019268123351409,0
-0.010884504108574493,-0.09911523071359717,-0.052364031776293916,0.11502641512665698,-0.25713989165283985,0.24075005573091607,0
-0.012393018386358751,-0.10012989892831488,-0.05534609412417579,0.15451363540996868,-0.2638267721380924,0.1770126677411066,0
-0.013886008950532023,-0.10061152807077213,-0.057768173267542466,0.1878107291373426,-0.2685213619218847,0.11249720045483022,0
-0.015392321121649242,-0.10049491786994912,-0.0595367233721457,0.21470917532731348,-0.2710772367722372,0.04911834066146821,0
-0.016949676721352933,-0.09973823145772648,-0.06060315617126324,0.2351339249678536,-0.271434810726933,-0.011108686493186685,0
-0.018595567579254006,-0.09832740088120208,-0.060963639413346704,0.24908655589273557,-0.26960568661049256,-0.0661148761295471,0
-0.02035750771920539,-0.09627925009882493,-0.06065520384647768,0.2565991434738306,-0.2656569596216228,-0.11384185469282108,0
-0.022243915313788887,-0.09364301260565269,-0.05974876794025756,0.2577051110019205,-0.25969711391043343,-0.15232393066487965,0
-0.024236879870614472,-0.09049999910945329,-0.058339961781840206,0.25243084367396473,-0.25186454349248766,-0.17978479875909475,0
-0.026287899805413507,-0.08696127328717868,-0.05653879957160036,0.2408089140585716,-0.24231940830817456,-0.1947428611953478,0
-0.028317365760733227,-0.08316331799407806,-0.05445928996283589,0.22291073309874182,-0.23123923869765756,-0.19611648111323246,0
-0.030218142029197773,-0.07926181567269545,-0.052209982614086305,0.1988936810500915,-0.21881822823390235,-0.18331876934563526,0
-0.031863102916966694,-0.07542381772506597,-0.049886250371101976,0.16905562134904423,-0.2052695320832211,-0.15633117786589937,0
-0.033115972646101256,-0.07181872768988104,-0.047564841437721,0.1338884151297058,-0.19082932716803308,-0.11574642374401481,0
-0.03384437095507702,-0.06860865815745798,-0.04530095280382441,0.09412178932677831,-0.17576110815137058,-0.06277393587741999,0
-0.03393365378142641,-0.06593882451596515,-0.043127814352309043,0.05074969922990624,-0.1603587384952588,0.0007953565048512261,0
-0.03330000703509347,-0.06392869261235297,-0.041058553332306354,0.005033071996925677,-0.14494700429482038,0.07266408320131415,0
-0.03190131291280614,-0.06266458900809187,-0.039089935272294034,-0.04152469005450191,-0.12987864502245272,0.1501387193027709,0
-0.029744541189001498,-0.06219440522969722,-0.037207447912468376,-0.0872301325445453,-0.11552702528327803,0.2302672321397207,0
-0.026888783271739842,-0.06252488056405056,-0.03539111080159025,-0.13027776140698735,-0.10227391526482033,0.3099937688147706,0
-0.02344350120637398,-0.0636217362337949,-0.033621360715468146,-0.16884853108175174,-0.09049242482256833,0.3863185609470422,0
-0.01956206288590447,-0.06541267221314193,-0.031884388188243636,-0.20122141855716716,-0.08052595144316801,0.45645084348732606,0
-0.01543112830575164,-0.06779295752408462,-0.030176384792649717,-0.22588908047389522,-0.07266481561329154,0.5179434859455361,0
-0.011256882631559068,-0.07063308957084304,-0.028506297099459448,-0.24166775391275494,-0.06712282852782604,0.5688002273691991,0
-0.007249424856683617,-0.0737878112851012,-0.026896855446884353,-0.24779158647336952,-0.06401631834597933,0.6075496264285345,0
-0.0036067763323933987,-0.07710568381042847,-0.02538383489180293,-0.24398251336403423,-0.06334824307139321,0.6332835335032223,0
-0.000499957714976077,-0.08043842110721061,-0.024013694495134266,-0.23048861340490362,-0.06499999857117472,0.6456613593098187,0
0.001939588945262171,-0.08364928588635295,-0.022839910217569356,-0.20808644413606928,-0.06873324765349768,0.6448840290584263,0
0.0036292436354938003,-0.08661999875944389,-0.021918442955049036,-0.17804593380101755,-0.07420329880491457,0.6316429462896056,0
0.004540476109699461,-0.08925579799455344,-0.02130284630646731,-0.14205966569351472,-0.08098413809549386,0.607049623677409,0
0.004699853302981179,-0.09148848165093759,-0.021039511375477563,-0.10214148717500345,-0.08860336848714076,0.5725512757631358,0
0.004185831377052965,-0.09327744624598489,-0.021163476900931507,-0.06050201667735867,-0.09658351494710306,0.529837124319465,0
0.0031216638674011234,-0.09460888895106136,-0.021695121137715313,-0.01941056336988987,-0.10448494240983264,0.48073981877772315,0
0.001664998049953155,-0.09549345004416916,-0.022637919669018035,0.018945992701511948,-0.11194534799764443,0.42713634702776304,0
-5.0709760372419436e-06,-0.09596263171910645,-0.02397732355771089,0.05259683248407365,-0.1187114485679643,0.370853020196186,0
-0.0017025619014800072,-0.09606434119258264,-0.02568070660725704,0.07990389054493886,-0.12465981589937516,0.31357936530733255,0
-0.003249742055246862,-0.09585788438586973,-0.027698266271994364,0.0996540947150777,-0.12980540185477638,0.25679582025322256,0
-0.004491727881935605,-0.09540870108069226,-0.02996474638306217,0.11112209060562349,-0.13429777777256013,0.2017197743681405,0
-0.005309448150025411,-0.09478309978333731,-0.03240187158503754,0.11410097810133137,-0.13840627828372498,0.1492735998887678,0
-0.00562996198409497,-0.09404322823993944,-0.034921420235131236,0.10890101103649671,-0.14249603859359472,0.10007690206907814,0
-0.005433315375672454,-0.09324250371171766,-0.03742888964470247,0.09631826673904903,-0.1469973670255747,0.054463464503912096,0
-0.004755389279567439,-0.09242172206480904,-0.03982770803985119,0.07757686290784573,-0.1523710059181704,0.01252152577948054,0
-0.003686500805878797,-0.09160606145512731,-0.04202391464722762,0.054249358707980144,-0.15907158515033937,-0.02584572198148403,0
-0.002365824583253595,-0.0908031892068877,-0.04393116544149643,0.02816058629213716,-0.16751102269985269,-0.060844096545950715,0
-0.0009719753560713078,-0.09000266299050197,-0.0454758403070131,0.0012804211225244165,-0.17802301471361126,-0.09270292095429565,0
0.00028967663707115293,-0.08917678240115172,-0.046601948983757226,-0.024389009776288276,-0.1908294388199907,-0.1215872732542084,0
0.001202200112928695,-0.08828298658874152,-0.047275478403863064,-0.04692642813768075,-0.20600969535231747,-0.1475160144503904,0
0.0015539059675435014,-0.08726779993872968,-0.04748780185653842,-0.06459997737009619,-0.22347461817707986,-0.17029390775088485,0
0.0011557544132228983,-0.0860721968878464,-0.047257778912559466,-0.07596686492459921,-0.2429472009601482,-0.18946577519292057,0
-0.00014170399794771578,-0.08463809521921234,-0.04663221289606273,-0.07995993182068513,-0.2639526222368743,-0.2042995370102226,0
-0.0024329500617506707,-0.08291551721038522,-0.04568440876976541,-0.07595703637448918,-0.2858198176526627,-0.21380315220540355,0
-0.005744763314053995,-0.08086981504829108,-0.04451070282128459,-0.0638290989147158,-0.30769632785771006,-0.21677800362950936,0
-0.010027159003052209,-0.07848827506956947,-0.04322502062202481,-0.0439628552145334,-0.32857756398541993,-0.21190825883170578,0
-0.015148901496403166,-0.0757854137212849,-0.04195174388289349,-0.01725509717310864,-0.34735099113385787,-0.19788232164003955,0
-0.020898306876396676,-0.07280635708954816,-0.040817392321635296,0.014923427171913755,-0.36285484132722035,-0.17353888270300835,0
-0.02698975978045847,-0.06962784258122295,-0.0399418072121147,0.050794283690841595,-0.3739496428481981,-0.13802666290325769,0
-0.033075990815381685,-0.06635657640180757,-0.03942961930011658,0.08826523422614749,-0.3795991085868362,-0.09096425515918946,0
-0.03876572340266361,-0.06312490177924465,-0.039362775138276455,0.125046716026246,-0.37895502586141216,-0.03258500465073951,0
-0.04364585701803159,-0.06008395908226437,-0.03979478720299107,0.15878372748897246,-0.3714391554993655,0.036148140032749285,0
-0.04730695985316677,-0.057394733423206876,-0.04074718875620255,0.1871943188845453,-0.35681421733760355,0.1134714997659576,0
-0.04937052745979352,-0.055217577455655135,-0.042208446657592665,0.20820500703474498,-0.3352361232587649,0.196804414697352,0
-0.04951623326823914,-0.053700957467812796,-0.044135343026922284,0.22007336068692074,-0.30728078960556104,0.28279542989005935,0
-0.047507261179088434,-0.05297028358034049,-0.046456600326729866,0.2214888090355733,-0.2739409316224765,0.36743382748404685,0
-0.04321179719633114,-0.05311772625349475,-0.049078310744842306,0.21164448271094535,-0.23659086117041153,0.4462238107850908,0
-0.03661890422905406,-0.05419386977702338,-0.05189056067465036,0.19027557747418805,-0.1969201207132477,0.5144125362455703,0
-0.027847333014082685,-0.05620190333978973,-0.05477454174209136,0.15766309158826566,-0.15683957333937004,0.567257420278387,0
-0.01714631522529618,-0.059094819641728684,-0.05760943562812522,0.11460535701748176,-0.11836626379230021,0.6003137015307265,0
-0.004887985812572842,-0.06277581774921864,-0.060278459524321565,0.06236298109387591,-0.08349591197631764,0.6097208588503261,0
0.008448286164194536,-0.06710183692093184,-0.06267364855885371,0.002585115051487346,-0.054074045406368315,0.592466423482897,0
0.02229878774209706,-0.07188992073821368,-0.06469919825420409,-0.06277397671903764,-0.03167799280546111,0.5466077530932109,0
0.03604420388533907,-0.07692594682082358,-0.06627345181788134,-0.13153939086652977,-0.017521623726658733,0.47143595747782013,0
0.04904246221210225,-0.08197515534205017,-0.06732984991364181,-0.2013940797854189,-0.012392478181665343,0.3675708454770288,0
0.06066368291389514,-0.08679385372335777,-0.0678173232918814,-0.2699470425544773,-0.01662701055185023,0.236981033843311,0
0.07032511945633306,-0.09114164922501657,-0.06770066702141962,-0.3347901935044928,-0.03012485953781973,0.08292880784415914,0
0.07752398830054509,-0.09479355905035836,-0.06696136937448764,-0.3935461484767104,-0.052398356951923415,-0.09015546874915735,0
0.08186622091488426,-0.09755137079012519,-0.06559918313537431,-0.4439116430249011,-0.08264971607862831,-0.2768600745740487,0
0.0830894172523276,-0.0992536768787309,-0.06363445642274067,-0.48370236688284435,-0.11986591263671574,-0.4710270498384856,0
0.08107861994269647,-0.09978408302544294,-0.061110943544567524,-0.510904381097417,-0.16292026876142293,-0.6660209652958755,0
0.07587394160211544,-0.09907718668384498,-0.05809856262159395,-0.5237351582216726,-0.21067006375352115,-0.855016001215448,0
0.06766954113113961,-0.09712203188770406,-0.054695410985924744,-0.520714240646333,-0.26204090631449484,-1.0312865647175598,0
0.05680393643275306,-0.09396286734907745,-0.05102831706765155,-0.5007403123000286,-0.316090813011562,-1.1884879696458102,0
0.0437421387281601,-0.08969716327445515,-0.047251294651669315,-0.46316879235105873,-0.3720496257667595,-1.320915335417781,0
0.029050574530702297,-0.0844709770741108,-0.0435414530429628,-0.40788231257822655,-0.4293323010593258,-1.4237306123104445,0
0.013366201593675214,-0.07847189642240077,-0.04009218381716958,-0.3353458411998266,-0.48752750971369535,-1.4931494478549898,0
-0.0026383958591885046,-0.07191992536097003,-0.03710376939025701,-0.24663882541223248,-0.5463656566432636,-1.5265814809624962,0
-0.01829184415743223,-0.06505680748828187,-0.034771910311549976,-0.1434584500052317,-0.6056724974635851,-1.5227196307114526,0
-0.03296044833126569,-0.0581343876835825,-0.03327500377902701,-0.0280906590570855,-0.6653155741837894,-1.4815761134382288,0
-0.046081897887338165,-0.05140268394496896,-0.032761272725651346,0.09665149521338569,-0.7251504910934609,-1.4044653275853396,0
-0.05719389675275067,-0.045098356036858724,-0.033336991521405415,0.22751980987255657,-0.7849728130974936,-1.2939362890544808,0
-0.06595571017010826,-0.03943420578906986,-0.03505704580719521,0.360948484517343,-0.8444797254822979,-1.1536596520146392,0
-0.07216116714748824,-0.034590227905685805,-0.03791889386337437,0.4931908019869856,-0.9032442701971063,-0.9882760718402787,0
-0.07574238794416341,-0.030706571834711312,-0.04186068799850855,0.6204672636396689,-0.9607043123796019,-0.8032134785622916,0
-0.07676431536736474,-0.027878610302466595,-0.04676390741835929,0.7391168088277068,-1.016168110124386,-0.6044808260532927,0
-0.07541090222413221,-0.026154175570250005,-0.05246039690085642,0.8457426003143479,-1.0688377726008444,-0.39844550394215533,0
-0.07196445789959152,-0.025532943934103342,-0.0587432518022131,0.9373443446446543,-1.1178504459399807,-0.19160137135891653,0
-0.06678013049023356,-0.025967921448335707,-0.06538059791856908,1.0114302262265167,-1.162334782054624,0.009665392917399375,0
-0.06025776714378743,-0.02736898297804479,-0.07213103811594142,1.06610307797385,-1.20147769205821,0.19930477789155057,0
-0.05281344350890536,-0.029608403891314576,-0.07875940879850551,1.1001171037902233,-1.2345942790151185,0.37181719944231256,0
-0.04485279454270829,-0.03252826789386513,-0.08505151085562822,1.1129030874170078,-1.2611926480823372,0.522444624309481,0
-0.03674794741738268,-0.0359495253045756,-0.0908266302828576,1.1045615170904888,-1.2810251212425279,0.6473300174558025,0
-0.028819403719213883,-0.039682324136643264,-0.09594690894285607,1.0758245316089885,-1.294118160181364,0.7436377168895302,0
-0.021323699398055257,-0.04353706599363032,-0.1003229261852699,1.0279892230420902,-1.3007749232017691,0.8096291017523283,0
-0.014447141145018823,-0.047335481045492976,-0.10391516829253848,0.9628267336505448,-1.3015468033260809,0.8446900273139795,0
-0.008305424167833819,-0.05092090511490869,-0.10673136831218713,0.8824736903375664,-1.2971735279293448,0.8493087338381906,0
-0.0029485168100505128,-0.054166909904239294,-0.10881998983985768,0.7893144885473835,-1.2884954409373344,0.8250052120462799,0
0.001630121457324235,-0.05698350864383522,-0.11026041676932588,0.6858642421274531,-1.2763462085319446,0.7742153660597814,0
0.005481129498434794,-0.05932034007529901,-0.11115070060847883,0.5746623857724618,-1.261438695830949,0.7001358094617851,0
0.008684883542989371,-0.0611665075674462,-0.11159398369877088,0.4581857550043254,-1.2442599789637014,0.6065376875114766,0
0.011336439397188335,-0.06254708306388577,-0.11168491417137594,0.33878758965570077,-1.2249921080877446,0.49756027267558867,0
0.01353097077135922,-0.06351663414617022,-0.11149745067185834,0.21866563041036008,-1.203472594819999,0.3774968585929343,0
0.015350777014723985,-0.06415045179605126,-0.11107539425509433,0.09985870275119271,-1.1792029721471367,0.2505863602494724,0
0.016854764553941748,-0.06453440394579385,-0.11042677470667475,-0.015732687342357565,-1.1514064598976448,0.1208238438569785,0
0.01807109750090107,-0.06475447964925526,-0.10952286614154662,-0.12630977662124235,-1.1191284558278949,-0.008198077112262012,0
0.01899347573413837,-0.06488709867417422,-0.10830212975788815,-0.2301337828635878,-1.0813676394184248,-0.13340736394569233,0
0.0195812469962493,-0.06499114225115687,-0.10667881461059908,-0.3254911651623092,-1.037221612756332,-0.25232375564215936,0
0.019763307882933755,-0.06510243919240911,-0.10455535277264566,-0.41067764153202235,-0.9860293248731239,-0.3630803908374519,0
0.019445508901764903,-0.06523116178482612,-0.10183715482062017,-0.4840101249352714,-0.927492942420121,-0.46439728692344195,0
0.01852105385297215,-0.06536229237202287,-0.09844804483599773,-0.5438713643760807,-0.8617643013932028,-0.5555123010265643,0
0.016883164936574182,-0.06545904314140416,-0.09434444412222197,-0.5887866891266812,-0.7894855365433949,-0.6360791843316571,0
0.014439062714060254,-0.06546885686028683,-0.08952654196219795,-0.6175268368946852,-0.711779536305634,-0.7060456722028645,0
0.011124095518874952,-0.0653313845088002,-0.08404505318367689,-0.6292262638958852,-0.6301925663385999,-0.7655266240513963,0
0.00691469087800806,-0.06498763468692947,-0.07800269802845577,-0.6235031653631093,-0.5465974236918261,-0.814687521977647,0
0.0018387573645607129,-0.06438934394388776,-0.07155017552901297,-0.600565988691137,-0.4630696327320272,-0.8536520057932596,0
-0.004017707766788682,-0.06350755972530055,-0.0648770532480005,-0.5612916044558043,-0.3817508953437055,-0.8824438671083127,0
-0.010508739797440715,-0.0623394819083597,-0.05819857775969556,-0.5072624407362474,-0.30471343404087153,-0.9009696212136541,0
-0.017431734415446768,-0.060912776700596444,-0.05173984832587387,-0.440753545302748,-0.23383668136398328,-0.9090429883310961,0
-0.024535926352827215,-0.05928683868992652,-0.04571904526384279,-0.36466536110189085,-0.17070473137737457,-0.9064477681679272,0
-0.03153543226665103,-0.05755080074019516,-0.04033145137500131,-0.28240354403983675,-0.1165296869877213,-0.8930310512648728,0
-0.03812581351943147,-0.05581843932133727,-0.035735861127618625,-0.19771286883643394,-0.07210294691565183,-0.8688149438797126,0
-0.04400277990795919,-0.05422045470768435,-0.03204466360945852,-0.11447747290359546,-0.037773919301756755,-0.834112554103745,0
-0.04888147511789825,-0.05289488072980248,-0.02931844743279249,-0.036503654793795935,-0.013453880953749562,-0.78963334636065,0
-0.0525147721810341,-0.05197655993222021,-0.027565457032886004,0.032696397313587665,0.0013581904802114437,-0.7365642116933871,0
-0.05470915654977372,-0.05158668030755667,-0.02674568852271589,0.09010150665730061,0.007531160239947607,-0.6766153969527656,0
-0.0553370591184092,-0.05182330255363746,-0.026778910136321228,0.13334263845321123,0.006241839986513738,-0.612024202965554,0
-0.05434487917267445,-0.052753629911230275,-0.02755548519777425,0.16081578142825811,-0.001097247328714606,-0.5455134689119829,0
-0.051756357829935117,-0.05440852436639773,-0.028948617225190203,0.17173941227955442,-0.01291907795528409,-0.48020575260867426,0
-0.047671375081802345,-0.056779502192143644,-0.030826565623223025,0.1661552900961339,-0.027588374795155225,-0.4194973755881366,0
-0.04226059937489033,-0.05981819701960632,-0.033063504156901305,0.14487690561469374,-0.04348834719283724,-0.3668989270719733,0
-0.03575667515334117,-0.06343809737870794,-0.03554798100611811,0.10939433486019146,-0.05910308267931344,-0.3258504998426066,0
-0.028442763353357346,-0.06751826482957367,-0.03818832635451302,0.06174706285350916,-0.07309096148815235,-0.29952117452809923,0
-0.020639251789413515,-0.07190871097137344,-0.04091477011720074,0.004377487623991133,-0.08434515227668972,-0.29060338634811295,0
-0.012689357303572124,-0.07643713013051973,-0.04367841710104255,-0.06002250222243549,-0.09203820941937123,-0.3011138864710979,0
-0.004944200716012565,-0.08091671448274874,-0.0464475366417377,-0.12866090106055836,-0.09564878891395762,-0.33221387986608364,0
0.002252198287717532,-0.08515478841804783,-0.04920183809072291,-0.19878201708854698,-0.09496941415091757,-0.38406130566568814,0
0.008577646505491145,-0.0889619722616746,-0.051925525566420015,-0.2677833819687044,-0.09009515871048557,-0.4557078800309749,0
0.013745883138151555,-0.09216152657577159,-0.054599975486536854,-0.33330881180325744,-0.08139431022013298,-0.545052245214301,0
0.01751968185445096,-0.09459845996535855,-0.057196881068015695,-0.3933153884130603,-0.06946363880883963,-0.6488581759819229,0
0.019722481860570875,-0.09614793288029826,-0.05967266848027852,-0.44611411483329416,-0.05507254319529236,-0.7628431937967437,0
0.020248003554221686,-0.09672247520436691,-0.06196490142690349,-0.490385865748212,-0.039101506639505755,-0.8818382988086156,0
0.019067270942594854,-0.09627756104316545,-0.06399123991310211,-0.5251758430951738,-0.02248046084930036,-1.0000143304021183,0
0.016232487280404825,-0.09481514645785576,-0.06565130120971184,-0.5498708526070324,-0.006131794428982281,-1.1111653138965225,0
0.011877282787564242,-0.09238486920273827,-0.06683150249467225,-0.5641642880722314,0.009078674389532946,-1.2090344899670313,0
0.0062129627563553185,-0.08908272856770603,-0.06741267314432453,-0.568013911008899,0.022380799277620655,-1.2876647346458474,0
-0.00047946231071056264,-0.08504720340665294,-0.06727993552355134,-0.5615975484596426,0.03312830359748141,-1.3417518433779136,0
-0.007861464291482212,-0.08045292208672411,-0.06633408465804219,-0.5452717187864168,0.04081582231467185,-1.3669769170681683,0
-0.015553105480856833,-0.07550216267222151,-0.06450346925038034,-0.5195377326230993,0.04508531252212351,-1.3602933525531067,0
-0.02315241094368363,-0.07041462596069899,-0.06175521922054532,-0.48501876467266775,0.04572333021979038,-1.3201452975932138,0
-0.03025697873171337,-0.06541607549576599,-0.058104613537008035,-0.4424496870317798,0.04265167985180847,-1.2465982609152049,0
-0.03648648850504493,-0.06072656092117173,-0.053621461166108275,-0.39267927309735456,0.03591465938378114,-1.141368788125097,0
-0.04150457648641202,-0.056549013969915046,-0.04843257949058284,-0.33668206769354253,0.02566628332748811,-1.007748123795974,0
-0.04503850952996791,-0.05305900965054196,-0.04271977783561382,-0.27557517608288223,0.012160379338389466,-0.8504236149223163,0
-0.046895216499141856,-0.050396405668233356,-0.03671315299027335,-0.2106338272996927,-0.0042546283976969655,-0.6752102094961313,0
-0.04697249647233468,-0.04865941346221896,-0.03067993551862134,-0.14329909417766398,-0.02313596964595605,-0.48871182790847073,0
-0.045264583418869034,-0.04790143487071375,-0.024909545018600897,-0.07517171599007848,-0.04394326519785874,-0.2979379025015003,0
-0.04186166962656789,-0.04813074954163775,-0.019695877540797664,-0.007987478804764426,-0.06603476169659878,-0.10990346557585039,0
-0.03694344221962589,-0.04931288946747139,-0.015318125572958897,0.056428200009089775,-0.08866705466592316,0.06875845529207279,0
-0.030767132972526735,-0.051375314692119055,-0.012021597527568838,0.11622630728888342,-0.11100240520189446,0.23214560765210362,0
-0.023650981005956712,-0.05421383352683754,-0.010000048104772891,0.16961816743672004,-0.13212695918382059,0.37537426420285824,0
-0.01595432340712824,-0.057700113041633055,-0.009380952838378535,0.2149722233663384,-0.15108166166287448,0.4947894933284294,0
-0.00805573672084104,-0.061689609844867814,-0.010214967971736598,0.2509166540577013,-0.1669057426197215,0.5880879683284689,0
-0.0003307457331239836,-0.06602930822369325,-0.012470523532109735,0.27643933714660096,-0.1786906367364909,0.6543501656320804,0
0.006869403090594058,-0.0705647625969511,-0.0160341175704562,0.29097580511769994,-0.18564030618057004,0.6939856788422899,0
0.013236535274179775,-0.075146083777941,-0.020716431008054134,0.2944758056565641,-0.18713233362421433,0.7086017954548318,0
0.0185207735563342,-0.0796326669067642,-0.026263894280291668,0.28744007703548147,-0.18277305788152098,0.7008107106867845,0
0.02254137430317371,-0.08389661582015673,-0.032374855710026594,0.2709210905298348,-0.17243972485933112,0.6739941179577171,0
0.025192715882830667,-0.08782495541253686,-0.0387190888716378,0.24648464609406096,-0.15630340409595211,0.6320451838389829,0
0.02644534879411583,-0.09132082614962952,-0.04495909259149508,0.2161329164010683,-0.13482840101157864,0.5791073600852921,0
0.02634236805090321,-0.09430391963615262,-0.050771521690289624,0.18219326401431785,-0.10874690671976027,0.5193276058988096,0
0.024991684674695046,-0.09671044532684063,-0.05586714479876172,0.14718040639941812,-0.07901115394891677,0.45663877796797026,0
0.022555037414030372,-0.09849292034046836,-0.060007931944153464,0.113641930986993,-0.046728612587045734,0.39458238358625164,0
0.01923477392441358,-0.0996200459471518,-0.06302018441217007,0.08399857660161872,-0.013087966097013442,0.3361787343899824,0
0.015259520954932007,-0.10007687147459848,-0.06480298430498789,0.06039102284977305,0.020715727143910387,0.2838470651147062,0
0.010869847741863937,-0.09986534802144066,-0.06533162169833395,0.04454420175944979,0.05354911349544679,0.2393738016870134,0
0.006304913908493879,-0.09900524869838849,-0.06465602718527505,0.03765852335973057,0.08439608092934396,0.20392329250745023,0
0.0017909008123717226,-0.09753529842568925,-0.06289457922950838,0.040335146113172765,0.11239708053806861,0.17808229306883544,0
-0.0024682234830211524,-0.09551423940672245,-0.06022395123407828,0.05253982509119464,0.13687065975241233,0.16192757271695357,0
-0.006297332659676984,-0.09302147922035676,-0.05686589175407197,0.07360721155471428,0.1573177616736947,0.1551053750055882,0
-0.00955416372887736,-0.09015693846226025,-0.053071976281421344,0.10228494103516954,0.17341154722127286,0.15691217432656268,0
-0.01213096673086599,-0.08703973682683946,-0.04910742693972624,0.1368144804173596,0.1849774507380165,0.16636812601624268,0
-0.013954191462415905,-0.08380542816260024,-0.04523507580728272,0.17504345158948553,0.1919692587481067,0.18227752230933408,0
-0.014982722372559442,-0.08060161109101825,-0.04170045900540736,0.21456198952729766,0.19444673759539705,0.2032740129444282,0
-0.015205204575974364,-0.07758189437444055,-0.03871887823552742,0.2528537963052448,0.19255879570564702,0.227851801426649,0
-0.014636973538089086,-0.07489837459337471,-0.03646506118888616,0.28745128283053584,0.1865339215232024,0.25438694917532045,0
-0.013317020165060768,-0.07269297396122253,-0.03506580998634697,0.31608390907143546,0.1766774301436915,0.2811548768921612,0
-0.011305305544708804,-0.07108817114148658,-0.03459577769361106,0.33680967094389874,0.16337343390344342,0.30635090817164284,0
-0.00868060026389696,-0.07017781741741352,-0.03507629052424843,0.3481214643974402,0.14708859910950356,0.32812023296223014,0
-0.005538877160607646,-0.07001884127386798,-0.0364769613476553,0.34902242735611894,0.12837450765752845,0.34460212556172615,0
-0.001992148089439427,-0.07062468153539085,-0.038719724049411146,0.33906696254233565,0.10786557344308755,0.3539908905888371,0
0.0018324819993621397,-0.07196123028934723,-0.04168484858505853,0.3183667403424381,0.08626990333933125,0.3546131668165497,0
0.005793855461110355,-0.07394590037599055,-0.04521846215835186,0.28756343593796574,0.06435135603663111,0.3450182945730052,0
0.009738253013241561,-0.0764501674581382,-0.049141101253166036,0.2477721397237063,0.042902398911168566,0.32407587772075497,0
0.013501689946159067,-0.07930560770159154,-0.0532568567100796,0.20050110630835463,0.022708985643194724,0.2910728268620227,0
0.01691332250068073,-0.08231311069111276,-0.057362746094552754,0.1475545801939347,0.004510166410036112,0.24580129698660638,0
0.01980017424302896,-0.08525464647247524,-0.06125803313114079,0.09092577550568633,-0.011043831442753616,0.18862906967226967,0
0.021993257505034246,-0.08790674350163201,-0.06475327932267955,0.03268679611844044,-0.023430805034083384,0.12054491798494217,0
0.023335000691395092,-0.09005470613481423,-0.06767892838865786,-0.02511839683078094,-0.032288679933410905,0.04317305141165429,0
0.023687712333114622,-0.09150656257999691,-0.06989318127513554,-0.08057266916656776,-0.03743629897672772,-0.04124740386033969,0
0.022942634423755826,-0.09210577390740167,-0.07128883775195238,-0.13197152154263747,-0.03887926742773582,-0.12991992841651365,0
0.021028980787812988,-0.09174183691411891,-0.07179870042599804,-0.17789223238955046,-0.036798488303500194,-0.21958502927469703,0
0.01792224216305965,-0.09035806498589966,-0.07139910225213397,-0.21724336955127446,-0.031521057350292744,-0.3066491094541199,0
0.013650987118427072,-0.08795602015547432,-0.07011115904260169,-0.2492927151942153,-0.023475747239914427,-0.3873428310822638,0
0.008301408134331964,-0.08459628621776319,-0.06799947094385042,-0.27367283778303175,-0.01313782226015392,-0.4579014927795245,0
0.002018956102933671,-0.08039550741826722,-0.0651681880052215,-0.2903647959354609,-0.000969740748718557,-0.5147576671570887,0
-0.004993432215413244,-0.0755198598139515,-0.061754589532351765,-0.29966166265675576,0.012634989101238439,-0.5547346007068146,0
-0.01248078952120297,-0.0701753613838805,-0.057920574569915194,-0.30211470056912887,0.02739794642498583,-0.5752279207819162,0
-0.020145265431516925,-0.06459564844304198,-0.053842689049778375,-0.29846614596062626,0.043186305531118165,-0.5743632256643909,0
-0.02765868112190859,-0.05902803351091519,-0.04970149015513016,-0.2895736675335842,0.06002377916604763,-0.5511182671454288,0
-0.03467790996743813,-0.05371879651414401,-0.045671138405551724,-0.2763325299201385,0.0780799898168851,-0.5054006415894342,0
-0.04086223252343358,-0.048898733032178884,-0.04191008999149365,-0.25960209900180237,0.09763837782935357,-0.43807499635513364,0
-0.04589159525343419,-0.044769981185280965,-0.038553631011197256,-0.24014336290174812,0.11904501398553058,-0.35093742907026804,0
-0.04948455968387372,-0.04149506708493741,-0.035708768518486284,-0.21857346815141773,0.14264289720044293,-0.24663865891657147,0
-0.05141468604788819,-0.03918894437629435,-0.03345170528066398,-0.19534184152430437,0.1686981598764798,-0.12856133723290783,0
-0.051524170526445735,-0.037914560251381214,-0.031827818832099106,-0.17073034125349026,0.19732576115683964,-0.0006602046501065145,0
-0.04973374975589397,-0.037682175826252905,-0.030853784495040733,-0.1448772235339012,0.22842256277223727,0.1327236428556323,0
-0.046048181080211546,-0.03845233433042007,-0.03052126681078948,-0.11782181743663372,0.2616151569583585,0.2670616649605854,0
-0.040556964697989285,-0.04014204559419937,-0.03080148709760162,-0.08956409744919491,0.29622852175913167,0.39783712259548293,0
-0.03343034745845098,-0.04263348043810287,-0.03164997468843921,-0.06013131454905943,0.3312796004012066,0.5207330152579205,0
-0.024910990682260666,-0.04578427940847196,-0.03301092053004756,-0.029642908922063848,0.3654974147883523,0.6317993173456182,0
-0.01530195860254222,-0.0494384999950659,-0.03482074287933346,0.0016347270943930317,0.39736871404460566,0.7275929173412311,0
-0.0049518702661622595,-0.053437258042693364,-0.03701069697898385,0.03325054596038902,0.42520598068767385,0.8052864454494303,0
0.0057618430812079345,-0.05762824474062503,-0.0395085651344813,0.06455277080960628,0.44723331482086837,0.862744518404409,0
0.016450605567506552,-0.06187349103462828,-0.04223961872608766,0.09469630781116382,0.4616853030248144,0.8985676578193095,0
0.026732344581944702,-0.06605497738940126,-0.045127139407007015,0.12267280751598567,0.46691397311430566,0.9121053045770633,0
0.03624823748076936,-0.07007792365695226,-0.048092825278927394,0.14736013036263673,0.461498702739892,0.9034401383866969,0
0.04467777117738652,-0.07387181878445637,-0.05105738991425298,0.16758606646049656,0.44435319296283027,0.8733465077634104,0
0.05175145694665394,-0.07738944323601023,-0.05394158548889136,0.18219997708934835,0.41482260818045497,0.823226289033851,0
0.057260702534962696,-0.0806042843217282,-0.05666775433694178,0.19014573713734914,0.3727633154667083,0.7550259313598576,0
0.06106452345497809,-0.08350683810429335,-0.059161865660621336,0.19052994010843405,0.3185977767541366,0.6711387767589254,0
0.06309295192553444,-0.08610032578471258,-0.0613558677965439,0.18268049525895688,0.25333810149033836,0.5742969817827207,0
0.06334715122683568,-0.08839632528595052,-0.063190112494256,0.16619210263180698,0.17857335004838065,0.46745758017378025,0
0.06189635672120289,-0.09041073685339215,-0.06461559297491705,0.1409563825471434,0.0964177682356979,0.35368746358734987,0
0.05887185630926223,-0.0921603834544646,-0.06559577106585898,0.10717565813841838,0.009419842106674294,0.23605226856062358,0
0.054458318741562775,-0.0936604182818692,-0.06610783533894381,0.06536064407061885,-0.07956445880315441,0.11751418674615839,0
0.04888289680616428,-0.09492259613071397,-0.06614331791510698,0.016313560105732493,-0.16752678845857163,0.0008433774715991465,0
0.04240267181496547,-0.09595437655481681,-0.06570808586133507,-0.03890074828202778,-0.25147833914314494,-0.11145316966047951,0
0.03529114282732514,-0.09675876745245537,-0.06482179392457202,-0.09899250424272314,-0.3286238688041958,-0.21718280861818182,0
0.0278245648612442,-0.09733478420541157,-0.0635169233772959,-0.1624903399057044,-0.3965217564185802,-0.314497632829404,0
0.02026897451079969,-0.09767838569409161,-0.061837535639195834,-0.22778768401886573,-0.4532148518131752,-0.401905069578727,0
0.012868693600729078,-0.09778374884865304,-0.05983785061804305,-0.29319057536980286,-0.49732000957752465,-0.4782612078972315,0
0.005836975920677275,-0.09764475327882406,-0.05758073040579215,-0.3569664489666628,-0.5280691878311621,-0.542750484489943,0
-0.0006507225928423501,-0.09725656321285968,-0.055136111194509736,-0.417394487530883,-0.5453010290247823,-0.5948559265154864,0
-0.006460590052025996,-0.09661721233435054,-0.05257937607429465,-0.4728186427761321,-0.5494077872978641,-0.6343243341585165,0
-0.01150139609091688,-0.09572911535738214,-0.04998960238306984,-0.5217040729336736,-0.5412471858613458,-0.6611307426725415,0
-0.015722730331289958,-0.09460044565345552,-0.04744756797405622,-0.5626965024584333,-0.5220315623855154,-0.6754462844121827,0
-0.019110973536680915,-0.0932463281125236,-0.04503338571327056,-0.5946822768830297,-0.49320745068599625,-0.6776130677160815,0
-0.02168362513656383,-0.09168979755076404,-0.042823668400607175,-0.6168452486937311,-0.4563380212346692,-0.6681287284622649,0
-0.02348274552421178,-0.08996246249264665,-0.0408882013266104,-0.6287155555844722,-0.41299906753379123,-0.6476418277883589,0
-0.02456831694921574,-0.08810479187131987,-0.039286199078410744,-0.6302050233016727,-0.36469669896623763,-0.6169574171202716,0
-0.025012263117644984,-0.08616591451470958,-0.03806233140958795,-0.6216243289576453,-0.31281164635524283,-0.5770501766575223,0
-0.024893701551348853,-0.08420280253304858,-0.03724281105728647,-0.6036781660039205,-0.25857140327578976,-0.5290808581757742,0
-0.024295765323166147,-0.08227871695491021,-0.03683193314060881,-0.5774364553078656,-0.20304799241774818,-0.47441052752163987,0
-0.023304061979585098,-0.08046083810558743,-0.03680951893595955,-0.5442820456521574,-0.14717668531581657,-0.41460644215165354,0
-0.022006573770335828,-0.07881708399424377,-0.037129717929729,-0.5058380000409504,-0.09178979118779498,-0.3514334610743972,0
-0.020494575053419763,-0.07741222733978748,-0.037721542544372294,-0.4638799184055365,-0.03765933612228825,-0.28682581839927096,0
-0.018863976622168092,-0.07630354016283043,-0.0384913545249784,-0.42024026344304666,0.014457530105022156,-0.22283595859261537,0
-0.01721642690852619,-0.07553630556083131,-0.03932731881539713,-0.3767120752701628,0.06377659629533622,-0.161559811453522,0
-0.015659525058004206,-0.07513961898438244,-0.040105628166273444,-0.3349588996962023,0.10945423905892274,-0.10504104817670792,0
-0.014305635677583004,-0.075122935039087,-0.04069811019440147,-0.29643656404295704,0.1505700941626651,-0.055160023108397134,0
-0.013269022379224891,-0.07547378278641437,-0.040980672174322545,-0.2623309461210041,0.186128567866742,-0.013515757123395976,0
-0.012661296805992156,-0.07615696614655665,-0.04084192286444009,-0.2335142625651599,0.21508063340319689,0.018688941107393196,0
-0.012585460337062197,-0.0771153996827977,-0.04019124611924648,-0.2105206974701627,0.23636482267300093,0.040748500980643844,0
-0.013129052706114672,-0.07827253815654046,-0.03896560834500371,-0.19354048414054112,0.24896419632805367,0.05253159802552421,0
-0.01435708754157473,-0.07953618445371118,-0.03713447994911627,-0.1824300690194666,0.25197453828309385,0.05452564951820779,0
-0.016305534471374408,-0.08080333947418523,-0.03470244161276591,-0.17673504560403594,0.2446778914086657,0.04784296419155928,0
-0.018976092166978736,-0.08196570324414947,-0.03170930606924179,-0.17572238141104604,0.22661463564145884,0.03418609513825961,0
-0.022332885875120806,-0.0829154429670613,-0.028227870312386254,-0.17841906678072603,0.1976467205375536,0.0157735967829909,0
-0.026301531303412746,-0.08355089387044433,-0.02435966790388426,-0.1836554218511203,0.15800481391669247,-0.004769250552576912,0
-0.03077076400506648,-0.08378193197959695,-0.0202292683408278,-0.19011249098841074,0.10831342033677618,-0.02454759925780817,0
-0.03559657494766781,-0.08353483407365003,-0.01597774144194344,-0.19637383438773218,0.04959050611803542,-0.04055338148171015,0
-0.040608551036131896,-0.08275650069380591,-0.011755867096719124,-0.20098233789216124,-0.016778599894258343,-0.049831639556624424,0
-0.04561792186860162,-0.08141794942004765,-0.007717548125778969,-0.20250233056058606,-0.08909006704628115,-0.049647931814834685,0
-0.050426684698045024,-0.07951698320662703,-0.004013717852956822,-0.19958641372796404,-0.16538787694639207,-0.03764864273530373,0
-0.05483713351351518,-0.07707991095431065,-0.0007868704263581448,-0.19104516525302961,-0.24354127204823497,-0.012006813593589159,0
-0.05866115438855187,-0.07416216506714372,0.0018337814720114614,-0.1759165379217751,-0.3213273242525766,0.028453309757447625,0
-0.06172874941923499,-0.07084764796925691,0.0037365796527229524,-0.15353056703671863,-0.39651378849697533,0.08415945020803338,0
-0.06389538841855433,-0.06724666452890221,0.004831183582254124,-0.12356415407765296,-0.4669388809551763,0.15472826331649753,0
-0.06504793561425418,-0.06349236414956279,0.00505183869848451,-0.0860803848504838,-0.5305859315307039,0.23894149211542517,0
-0.06510903753429684,-0.05973571451936183,0.004360099205503062,-0.04154722266896907,-0.5856517564206681,0.33476551901106144,0
-0.06403996985470085,-0.05613914028536078,0.0027468904309351136,0.00916842126514357,-0.6306079998185402,0.4394166993259466,0
-0.06184200946905617,-0.052869067463253226,0.00023374835859350652,0.06483332262082182,-0.664254646999129,0.5494724013976544,0
-0.058556416019108985,-0.05008770979459999,-0.003126948107596081,0.12390687852300054,-0.6857645563332199,0.6610246399493084,0
-0.05426308136835362,-0.047944516337117146,-0.007252928034798076,0.1846232099156527,-0.6947173929563498,0.7698697205908446,0
-0.049077858212025774,-0.04656777143327847,-0.012034295800682934,0.245090757183052,-0.6911209459693509,0.8717236932030015,0
-0.043148543280951905,-0.04605689243181422,-0.017337170840717144,0.3034017476390187,-0.6754175747033628,0.9624500975310674,0
-0.03664949877367588,-0.04647599000778085,-0.023008649100265306,0.35774284703124526,-0.6484735196674627,1.0382841064412212,0
-0.029774963885467097,-0.04784922013486142,-0.02888291509146514,0.4064981990081719,-0.611549138311308,1.0960363928789376,0
-0.022731227011983067,-0.050158355208933185,-0.03478822391147978,0.44833678918885356,-0.5662489579814187,1.1332612785675449,0
-0.015727967352923165,-0.053342841411241446,-0.04055439633173823,0.4822774500274978,-0.5144518889707528,1.1483768895321425,0
-0.008969195234930701,-0.0573024096237494,-0.04602043355321704,0.5077267161750095,-0.45822386886229277,1.1407295749495814,0
-0.002644296965469141,-0.06190209093280701,-0.05104185058791074,0.5244870974637508,-0.3997171934606351,1.1105999147856473,0
0.003080286094388908,-0.06697927855158707,-0.05549733482359229,0.5327360672087534,-0.3410623498388988,1.0591524782840394,0
0.008068237363605003,-0.07235230252219499,-0.059294356932907154,0.5329789003744375,-0.2842590584008559,0.9883355967416974,0
0.012218955219272102,-0.07782986873442253,-0.06237340240843991,0.5259810058759926,-0.23107351732876671,0.9007405786726682,0
0.015471189839937413,-0.08322067657666342,-0.06471055733895968,0.5126871454033572,-0.1829486916419035,0.7994320234150786,0
0.017804470908759182,-0.08834256907376818,-0.06631826347294721,0.4941356682686533,-0.14093392448978587,0.6877622446195552,0
0.019238202409864968,-0.09303066916406225,-0.06724414231424516,0.4713756225832354,-0.10563903822327324,0.569183327362788,0
0.019828458730460158,-0.09714409245011056,-0.0675678718419116,0.4453935191055486,-0.07721637408433224,0.44706997311797025,0
0.019662694908536952,-0.10057097785240571,-0.06739619056225873,0.4170548865645934,-0.05537209623274165,0.3245649641444991,0
0.018852764187542347,-0.10323172507275424,-0.06685621156384745,0.38706381976046433,-0.03940596594800457,0.20445679342713324,0
0.017526787933034672,-0.10508045871758585,-0.06608735173422056,0.3559417161374883,-0.02827701241763676,0.08909591160490501,0
0.015820517900899986,-0.10610484521000144,-0.06523230102623835,0.3240245483865202,-0.0206911454084748,-0.019647518872056714,0
0.013868854693145291,-0.10632446631692759,-0.06442754999549252,0.2914765449466986,-0.015205601949307848,-0.1203850564612339,0
0.011798141915439502,-0.10578800184639679,-0.06379404394567034,0.2583172007102805,-0.01034403109761717,-0.2121745062955493,0
0.00971975667350749,-0.1045694962016237,-0.0634285377459047,0.22445813924108537,-0.004715028961297262,-0.2944540420631347,0
0.0077253805500630286,-0.10276398332754792,-0.06339619858614426,0.1897463636716857,0.0028737443771601943,-0.3669543211861516,0
0.005884177427241382,-0.10048272757627981,-0.06372495667653647,0.15401064025878652,0.013313858949154463,-0.42959818065698835,0
0.004241939996327605,-0.09784830986973206,-0.06440203760101593,0.11710794497521128,0.02711425457325713,-0.48239800280331685,0
0.002822108011184168,-0.09498975449652154,-0.06537301719633583,0.07896696212516006,0.044345450975119785,-0.5253606586492187,0
0.0016284186947228523,-0.0920378560229433,-0.06654361418635947,0.03962557874459792,0.06461433002371392,-0.5584090723766308,0
0.0006488315764489614,-0.08912083043161904,-0.06778427875953534,-0.0007407063757736155,0.08707192522407962,-0.5813279208584439,0
-0.0001397170895895554,-0.08636037987788624,-0.06893745353728431,-0.041802375819195416,0.11045440944008676,-0.5937388456235815,0
-0.000766226524474968,-0.0838682248315977,-0.069827183877449,-0.083073888739566,0.13315522131381466,-0.5951079353971628,0
-0.00126071872472314,-0.08174312007269768,-0.07027054523937654,-0.12392749969154924,0.1533242014960046,-0.5847853305708637,0
-0.0016499805660946732,-0.08006833605705048,-0.07009015329338061,-0.16362288399435873,0.1689878829022453,-0.5620738365754337,0
-0.0019543696315388686,-0.0789095649727134,-0.06912685832125923,-0.20135080557754187,0.1781837490405309,-0.5263206214438749,0
-0.0021859799372239844,-0.07831321334212595,-0.06725163654731854,-0.23628729228202214,0.17910025807390456,-0.47702358860448807,0
-0.002348310793650014,-0.07830507540772831,-0.06437570514206625,-0.26765332066003245,0.17021359976533593,-0.41394204950804675,0
-0.0024373957984485223,-0.07888943742144977,-0.06045801124456582,-0.2947741341306219,0.15041150971092096,-0.3372001390555832,0
-0.002444148023118653,-0.08004872654259494,-0.05550946384623454,-0.31713217897148194,0.11909425489008754,-0.24737133277022952,0
-0.0023574968218937195,-0.08174386884655924,-0.04959356265545572,-0.33440826146228164,0.07624353458444692,-0.14553364527920612,0
-0.002167775712482087,-0.08391553797612182,-0.042823395349810764,-0.3465068168393079,0.022451832077258788,-0.03328754998747469,0
-0.001869802591490174,-0.08648644269379879,-0.035355286051669134,-0.35356296601076886,-0.041092297603857075,0.08726799745724163,0
-0.0014651756254046115,-0.0893647134680584,-0.02737964598078488,-0.3559310749780926,-0.11266376823591509,0.21360230096096036,0
-0.000963462222408897,-0.09244831895785864,-0.019109771851159977,-0.35415651277274546,-0.19010207262487322,0.34285951791122665,0
-0.00038214466842566996,-0.09563030194388619,-0.01076944410997048,-0.348933903507102,-0.2709468820723573,0.471998567487581,0
0.00025462759807882713,-0.09880450218795381,-0.002580200097445463,-0.34105616624735774,-0.3525977670664758,0.5979564807323429,0
