_id,timestamp,acceleration.x,acceleration.y,acceleration.z,rotationRate.alpha,rotationRate.beta,rotationRate.gamma,__v
67499dbfa88c9300588bb00d,2024-11-29T10:55:58.792Z,0,0.2,0.1,2.6,-0.2,6.8,0
67499dbfa88c9300588bb00e,2024-11-29T10:55:58.809Z,0,0.2,0.1,3.2,0.3,5.5,0
67499dbfa88c9300588bb00f,2024-11-29T10:55:58.826Z,-0.1,0.3,0.2,5,3.9,5,0
67499dbfa88c9300588bb010,2024-11-29T10:55:58.842Z,-0.3,0.3,0.2,7,7,6,0
67499dbfa88c9300588bb011,2024-11-29T10:55:58.859Z,-0.3,0.3,0.1,9,10.7,7.8,0
67499dbfa88c9300588bb012,2024-11-29T10:55:58.876Z,-0.4,0.2,0,9.3,12.4,10.3,0
67499dbfa88c9300588bb013,2024-11-29T10:55:58.893Z,-0.3,0.1,0,8.4,11.3,12.2,0
67499dbfa88c9300588bb014,2024-11-29T10:55:58.910Z,-0.2,0.1,-0.2,6.5,9.3,13.6,0
67499dbfa88c9300588bb015,2024-11-29T10:55:58.926Z,-0.3,0.3,-0.4,3.9,7.2,15.6,0
67499dbfa88c9300588bb016,2024-11-29T10:55:58.943Z,-0.2,0.2,-0.5,0.6,9.7,17.7,0
67499dbfa88c9300588bb017,2024-11-29T10:55:58.959Z,0.1,-0.1,-0.6,-0.7,14,16.6,0
67499dbfa88c9300588bb018,2024-11-29T10:55:58.976Z,0.6,-0.2,-0.5,-0.2,17.9,14,0
67499dbfa88c9300588bb019,2024-11-29T10:55:58.993Z,0.8,-0.3,-0.3,2.5,20.5,11.5,0
67499dbfa88c9300588bb01a,2024-11-29T10:55:59.009Z,0.6,-0.3,-0.2,4.6,21.4,9.6,0
67499dbfa88c9300588bb01b,2024-11-29T10:55:59.026Z,0.6,-0.3,-0.1,5.8,19.8,6.5,0
67499dbfa88c9300588bb01c,2024-11-29T10:55:59.042Z,0.4,-0.2,0.2,6,18.3,5.2,0
67499dbfa88c9300588bb01d,2024-11-29T10:55:59.059Z,0.4,-0.1,0,4,17.3,4.7,0
67499dbfa88c9300588bb01e,2024-11-29T10:55:59.076Z,0.1,-0.1,0.2,2.9,15.4,6.1,0
67499dbfa88c9300588bb01f,2024-11-29T10:55:59.093Z,-0.3,0.1,0.2,1.9,13.4,9.7,0
67499dbfa88c9300588bb020,2024-11-29T10:55:59.109Z,-0.2,0.1,0.1,-0.2,11.6,10.5,0
67499dbfa88c9300588bb021,2024-11-29T10:55:59.126Z,0.3,-0.2,0.3,-1.4,9.3,6.9,0
67499dbfa88c9300588bb022,2024-11-29T10:55:59.143Z,-0.2,0.3,0.2,-2,8.5,3.3,0
67499dbfa88c9300588bb023,2024-11-29T10:55:59.159Z,-0.4,0.4,0.2,-3.3,9.7,5,0
67499dbfa88c9300588bb024,2024-11-29T10:55:59.176Z,-0.2,0.3,0.2,-4.3,10.1,6.5,0
67499dbfa88c9300588bb025,2024-11-29T10:55:59.192Z,0.1,0.1,0.2,-4.4,10.3,4.6,0
67499dbfa88c9300588bb026,2024-11-29T10:55:59.209Z,0.1,0,0.5,-2.2,9.2,-0.2,0
67499dbfa88c9300588bb027,2024-11-29T10:55:59.226Z,-0.1,0.1,0.4,1.6,7.8,-3.1,0
67499dbfa88c9300588bb028,2024-11-29T10:55:59.242Z,-0.5,0.3,0.2,3.9,8,-2.1,0
67499dbfa88c9300588bb029,2024-11-29T10:55:59.259Z,-0.2,0.2,0.1,4.3,7.7,0,0
67499dbfa88c9300588bb02a,2024-11-29T10:55:59.276Z,-0.3,0.2,0.1,2,6,1,0
67499dbfa88c9300588bb02b,2024-11-29T10:55:59.293Z,-0.3,0.2,0.4,0.9,2,3.4,0
67499dbfa88c9300588bb02c,2024-11-29T10:55:59.309Z,-0.1,0.2,0.4,1.5,1.2,4.2,0
67499dbfa88c9300588bb02d,2024-11-29T10:55:59.326Z,0.1,0.1,0.4,3,2.6,4.4,0
67499dbfa88c9300588bb02e,2024-11-29T10:55:59.343Z,0.3,0,0.3,5.8,5.6,0.9,0
67499dbfa88c9300588bb02f,2024-11-29T10:55:59.359Z,-0.1,0.2,0.3,8.3,6.4,0.1,0
67499dbfa88c9300588bb030,2024-11-29T10:55:59.376Z,-0.5,0.3,0,8.8,7.3,2.2,0
67499dbfa88c9300588bb031,2024-11-29T10:55:59.392Z,-0.2,0.2,-0.3,7.1,8.7,2.4,0
67499dbfa88c9300588bb032,2024-11-29T10:55:59.409Z,-0.1,0.1,-0.2,5.3,9.1,2.9,0
67499dbfa88c9300588bb033,2024-11-29T10:55:59.426Z,-0.1,0.1,-0.4,1.6,8.5,2.8,0
67499dbfa88c9300588bb034,2024-11-29T10:55:59.443Z,0,0.1,-0.3,-0.9,6,2.4,0
67499dbfa88c9300588bb035,2024-11-29T10:55:59.459Z,0,0.1,-0.2,-1.5,4.9,2.1,0
67499dbfa88c9300588bb036,2024-11-29T10:55:59.476Z,0,0.1,0.1,-0.7,4.7,1.6,0
67499dbfa88c9300588bb037,2024-11-29T10:55:59.492Z,0.1,0.1,0.2,1,5.7,1.3,0
67499dbfa88c9300588bb038,2024-11-29T10:55:59.509Z,0.1,0,0.2,2.4,8.2,1.4,0
67499dbfa88c9300588bb039,2024-11-29T10:55:59.526Z,0.1,0,0.2,3.1,10.2,1.2,0
67499dbfa88c9300588bb03a,2024-11-29T10:55:59.543Z,0.1,0.1,0.1,2.6,11.5,0.6,0
67499dbfa88c9300588bb03b,2024-11-29T10:55:59.559Z,0.1,0.1,0.1,2.2,12.2,-0.6,0
67499dbfa88c9300588bb03c,2024-11-29T10:55:59.576Z,0,0.1,0.1,2.1,12.8,-0.9,0
67499dbfa88c9300588bb03d,2024-11-29T10:55:59.592Z,-0.1,0.1,0.1,2,12.8,-1.2,0
67499dbfa88c9300588bb03e,2024-11-29T10:55:59.609Z,-0.2,0.1,0.2,1.8,11.6,-0.5,0
67499dc4a88c9300588bb040,2024-11-29T10:56:03.792Z,0.2,0,-0.2,-1.9,5.3,3,0
67499dc4a88c9300588bb041,2024-11-29T10:56:03.809Z,0.2,-0.1,-0.1,-2,6.4,3.2,0
67499dc4a88c9300588bb042,2024-11-29T10:56:03.825Z,0.3,-0.1,0.1,-1.6,6.9,2.7,0
67499dc4a88c9300588bb043,2024-11-29T10:56:03.842Z,0.2,0,0.1,-1.5,5.6,1.9,0
67499dc4a88c9300588bb044,2024-11-29T10:56:03.859Z,-0.1,0.1,0.1,-2.5,2.4,1.5,0
67499dc4a88c9300588bb045,2024-11-29T10:56:03.875Z,-0.3,0.2,0.1,-3.8,-0.6,2.2,0
67499dc4a88c9300588bb046,2024-11-29T10:56:03.892Z,-0.2,0.2,0.1,-3.9,-1.4,2.8,0
67499dc4a88c9300588bb047,2024-11-29T10:56:03.909Z,0,0.2,0.2,-2.7,-0.5,1.7,0
67499dc4a88c9300588bb048,2024-11-29T10:56:03.925Z,0,0.2,0.2,-0.6,0.9,0.2,0
67499dc4a88c9300588bb049,2024-11-29T10:56:03.942Z,0,0.2,0.4,1.2,0.1,-1.7,0
67499dc4a88c9300588bb04a,2024-11-29T10:56:03.959Z,0.2,0.1,0.2,0.9,1.3,-2.8,0
67499dc4a88c9300588bb04b,2024-11-29T10:56:03.975Z,0.2,0,0.3,1.2,1.9,-2.9,0
67499dc4a88c9300588bb04c,2024-11-29T10:56:03.992Z,0.1,0,0.2,1.6,1.5,-2.1,0
67499dc4a88c9300588bb04d,2024-11-29T10:56:04.009Z,0.1,0,0.1,1.4,0,-1.3,0
67499dc4a88c9300588bb04e,2024-11-29T10:56:04.025Z,-0.1,0.1,-0.1,0.5,-1.7,-0.6,0
67499dc4a88c9300588bb04f,2024-11-29T10:56:04.042Z,-0.2,0.2,0,-0.1,-2.7,0,0
67499dc4a88c9300588bb050,2024-11-29T10:56:04.059Z,-0.4,0.3,0.1,0.2,-3.4,0.6,0
67499dc4a88c9300588bb051,2024-11-29T10:56:04.075Z,-0.4,0.3,0,-0.1,-3.6,1.3,0
67499dc4a88c9300588bb052,2024-11-29T10:56:04.092Z,-0.4,0.3,0,-2.1,-3.9,2.7,0
67499dc4a88c9300588bb053,2024-11-29T10:56:04.109Z,0,0.2,0.1,-3.1,-6.1,2.4,0
67499dc4a88c9300588bb054,2024-11-29T10:56:04.125Z,0.3,0,0.3,-3.7,-8.5,0.6,0
67499dc4a88c9300588bb055,2024-11-29T10:56:04.142Z,0.3,-0.1,0.4,-3.2,-12.1,-2.1,0
67499dc4a88c9300588bb056,2024-11-29T10:56:04.159Z,0.1,0,0.7,-1.9,-17.8,-2.9,0
67499dc4a88c9300588bb057,2024-11-29T10:56:04.175Z,0.2,-0.1,0.6,-0.7,-21.3,-4.6,0
67499dc4a88c9300588bb058,2024-11-29T10:56:04.192Z,0.2,0.1,0.4,0,-20.8,-4.6,0
67499dc4a88c9300588bb059,2024-11-29T10:56:04.209Z,0.2,0,0.1,0.3,-17.6,-4.6,0
67499dc4a88c9300588bb05a,2024-11-29T10:56:04.225Z,0.1,0.1,-0.2,0.5,-12.1,-3.7,0
67499dc4a88c9300588bb05b,2024-11-29T10:56:04.242Z,-0.2,0.1,-0.4,-0.9,-10.5,-2.2,0
67499dc4a88c9300588bb05c,2024-11-29T10:56:04.259Z,-0.4,0.1,-0.6,-5.5,-13.3,0.4,0
67499dc4a88c9300588bb05d,2024-11-29T10:56:04.275Z,-0.3,0.1,-0.6,-10.9,-18.4,2.5,0
67499dc4a88c9300588bb05e,2024-11-29T10:56:04.292Z,-0.3,0.2,-0.4,-13.9,-20.8,3.9,0
67499dc4a88c9300588bb05f,2024-11-29T10:56:04.309Z,-0.2,0.2,-0.2,-12.3,-16.3,3.8,0
67499dc4a88c9300588bb060,2024-11-29T10:56:04.326Z,0,0.2,0.3,-5.4,-6.5,2,0
67499dc4a88c9300588bb061,2024-11-29T10:56:04.342Z,-0.1,0.3,0.3,4.4,6.5,0.6,0
67499dc4a88c9300588bb062,2024-11-29T10:56:04.359Z,-0.1,0.2,0.1,5.7,8.1,1.8,0
67499dc4a88c9300588bb063,2024-11-29T10:56:04.375Z,0,0.1,0,2.6,3.3,2.3,0
67499dc4a88c9300588bb064,2024-11-29T10:56:04.392Z,0.2,0,0.1,-1,-0.7,2.6,0
67499dc4a88c9300588bb065,2024-11-29T10:56:04.409Z,0.2,0,0.2,-2.9,-1.8,2.4,0
67499dc4a88c9300588bb066,2024-11-29T10:56:04.425Z,0.1,0.1,0.4,-1.5,-1.4,2,0
67499dc4a88c9300588bb067,2024-11-29T10:56:04.442Z,0.2,0,0.4,1.2,-0.2,1.5,0
67499dc4a88c9300588bb068,2024-11-29T10:56:04.459Z,0.2,0,0.4,3.5,-0.3,0.7,0
67499dc4a88c9300588bb069,2024-11-29T10:56:04.475Z,0.2,0,0.2,4.2,-0.8,-0.1,0
67499dc4a88c9300588bb06a,2024-11-29T10:56:04.492Z,0.1,0.1,0.1,3.3,-1.3,0,0
67499dc4a88c9300588bb06b,2024-11-29T10:56:04.509Z,0,0,0,2.1,-2.2,0.6,0
67499dc4a88c9300588bb06c,2024-11-29T10:56:04.525Z,0.1,0,-0.1,0.7,-2.4,0.6,0
67499dc4a88c9300588bb06d,2024-11-29T10:56:04.543Z,0.1,0.1,0,0,-2.3,0,0
67499dc4a88c9300588bb06e,2024-11-29T10:56:04.559Z,0,0.1,0.1,0.3,-2.3,0,0
67499dc4a88c9300588bb06f,2024-11-29T10:56:04.575Z,-0.1,0.1,-0.1,-0.6,-1.8,0.7,0
67499dc4a88c9300588bb070,2024-11-29T10:56:04.592Z,-0.1,0.1,-0.1,-1.4,-1.1,1.2,0
67499dc4a88c9300588bb071,2024-11-29T10:56:04.609Z,0,0.1,0.1,-1.1,-0.8,1.3,0
67499dc9a88c9300588bb073,2024-11-29T10:56:08.792Z,0.1,0.2,0.2,8.6,10.9,2.6,0
67499dc9a88c9300588bb074,2024-11-29T10:56:08.808Z,0,0.2,-0.1,7.7,12.9,2.7,0
67499dc9a88c9300588bb075,2024-11-29T10:56:08.825Z,0.1,0.1,-0.2,4.2,11.5,2,0
67499dc9a88c9300588bb076,2024-11-29T10:56:08.842Z,0.2,0,-0.2,0.3,7.9,0.4,0
67499dc9a88c9300588bb077,2024-11-29T10:56:08.858Z,0.1,0,-0.2,-3.4,3,-1.3,0
67499dc9a88c9300588bb078,2024-11-29T10:56:08.875Z,-0.3,0.1,0,-5.2,0.1,-1.3,0
67499dc9a88c9300588bb079,2024-11-29T10:56:08.892Z,-0.5,0.3,0.4,-3.3,-1.5,1.4,0
67499dc9a88c9300588bb07a,2024-11-29T10:56:08.909Z,-0.2,0.2,0.5,-0.1,-2.6,3.4,0
67499dc9a88c9300588bb07b,2024-11-29T10:56:08.925Z,0.5,0,0.4,2.3,-1.1,1.4,0
67499dc9a88c9300588bb07c,2024-11-29T10:56:08.942Z,0.3,0.1,0.4,3,0.7,-1.2,0
67499dc9a88c9300588bb07d,2024-11-29T10:56:08.958Z,0.1,0.1,0.3,0.7,-2.1,-0.5,0
67499dc9a88c9300588bb07e,2024-11-29T10:56:08.975Z,-0.1,0.1,0.3,-0.5,-5.5,1.2,0
67499dc9a88c9300588bb07f,2024-11-29T10:56:08.992Z,0,0.1,0.2,-0.2,-6.8,1.9,0
67499dc9a88c9300588bb080,2024-11-29T10:56:09.008Z,0,0.2,0.1,1.6,-6.3,1.1,0
67499dc9a88c9300588bb081,2024-11-29T10:56:09.025Z,0,0.2,-0.1,2.3,-4.4,-0.1,0
67499dc9a88c9300588bb082,2024-11-29T10:56:09.042Z,0,0.1,-0.2,1.2,-3.4,-0.7,0
67499dc9a88c9300588bb083,2024-11-29T10:56:09.058Z,-0.1,0.1,-0.3,-0.6,-2.9,-0.1,0
67499dc9a88c9300588bb084,2024-11-29T10:56:09.075Z,-0.3,0.1,-0.2,-0.7,-1.8,2.9,0
67499dc9a88c9300588bb085,2024-11-29T10:56:09.092Z,-0.4,0.2,-0.1,-0.3,0,5.7,0
67499dc9a88c9300588bb086,2024-11-29T10:56:09.108Z,-0.3,0.3,-0.1,0.2,1.3,6.9,0
67499dc9a88c9300588bb087,2024-11-29T10:56:09.125Z,-0.1,0.2,0,0,2.1,6.9,0
67499dc9a88c9300588bb088,2024-11-29T10:56:09.142Z,0.1,0.1,0.2,0.1,2.1,6,0
67499dc9a88c9300588bb089,2024-11-29T10:56:09.158Z,0.1,0.1,0.2,0.4,2.1,5.9,0
67499dc9a88c9300588bb08a,2024-11-29T10:56:09.175Z,0.3,0,0.4,1.7,3,5.4,0
67499dc9a88c9300588bb08b,2024-11-29T10:56:09.192Z,0.2,0,0.3,2.4,3.7,5.3,0
67499dc9a88c9300588bb08c,2024-11-29T10:56:09.208Z,0.1,0,0.1,2.1,3.9,4.8,0
67499dc9a88c9300588bb08d,2024-11-29T10:56:09.225Z,0.2,0.1,0,1.2,3.9,4.3,0
67499dc9a88c9300588bb08e,2024-11-29T10:56:09.242Z,0.1,0.1,-0.1,0.8,2.8,2.7,0
67499dc9a88c9300588bb08f,2024-11-29T10:56:09.258Z,0.1,0,-0.1,0.7,1.9,1.5,0
67499dc9a88c9300588bb090,2024-11-29T10:56:09.275Z,0.1,0,-0.1,0.7,1.3,0.3,0
67499dc9a88c9300588bb091,2024-11-29T10:56:09.292Z,0.1,0,0,1,1,-0.1,0
67499dc9a88c9300588bb092,2024-11-29T10:56:09.308Z,0,0.1,-0.1,0.6,0.7,0.1,0
67499dc9a88c9300588bb093,2024-11-29T10:56:09.325Z,0,0.1,0,-0.7,-0.3,0.7,0
67499dc9a88c9300588bb094,2024-11-29T10:56:09.342Z,0.1,0.1,0,-2.5,-0.5,-0.3,0
67499dc9a88c9300588bb095,2024-11-29T10:56:09.358Z,0.1,0.1,0.1,-2.3,0.1,-1,0
67499dc9a88c9300588bb096,2024-11-29T10:56:09.375Z,0,0.1,0.2,-1.4,1,-1.5,0
67499dc9a88c9300588bb097,2024-11-29T10:56:09.392Z,0,0.1,0.2,-0.8,1.5,-1.8,0
67499dc9a88c9300588bb098,2024-11-29T10:56:09.408Z,0,0.1,0.2,-0.8,0.9,-2.2,0
67499dc9a88c9300588bb099,2024-11-29T10:56:09.425Z,0,0.1,0.1,-1.4,-0.6,-2.8,0
67499dc9a88c9300588bb09a,2024-11-29T10:56:09.442Z,0.1,0.2,0.2,-1.9,-2.6,-3.9,0
67499dc9a88c9300588bb09b,2024-11-29T10:56:09.459Z,0,0.1,0.2,-1.5,-2.6,-3.4,0
67499dc9a88c9300588bb09c,2024-11-29T10:56:09.475Z,0,0.1,0.1,-1.3,-1.9,-1.6,0
67499dc9a88c9300588bb09d,2024-11-29T10:56:09.492Z,-0.2,0.1,0,-2.4,-1,0.7,0
67499dc9a88c9300588bb09e,2024-11-29T10:56:09.510Z,-0.4,0.3,-0.1,-4.8,-2.9,2.4,0
67499dc9a88c9300588bb09f,2024-11-29T10:56:09.525Z,-0.4,0.3,-0.1,-7.4,-6.9,4,0
67499dc9a88c9300588bb0a0,2024-11-29T10:56:09.542Z,-0.1,0.2,0,-13.8,-15.3,5.7,0
67499dc9a88c9300588bb0a1,2024-11-29T10:56:09.558Z,0,0.1,0.2,-16.2,-19,3.6,0
67499dc9a88c9300588bb0a2,2024-11-29T10:56:09.575Z,0.1,0.1,0.3,-14.8,-17,2,0
67499dc9a88c9300588bb0a3,2024-11-29T10:56:09.592Z,0.3,0,0.6,-10.1,-9.8,0.9,0
67499dc9a88c9300588bb0a4,2024-11-29T10:56:09.608Z,0.3,0,0.6,-4.3,-3.3,0.2,0
67499dcea88c9300588bb0a6,2024-11-29T10:56:13.792Z,-0.2,0.2,0.1,0.3,1.6,3,0
67499dcea88c9300588bb0a7,2024-11-29T10:56:13.808Z,-0.3,0.2,0,0.1,1.4,4.4,0
67499dcea88c9300588bb0a8,2024-11-29T10:56:13.825Z,-0.1,0.2,0,-0.6,2.1,4.6,0
67499dcea88c9300588bb0a9,2024-11-29T10:56:13.842Z,0.1,0.2,0,-0.8,2.9,3.6,0
67499dcea88c9300588bb0aa,2024-11-29T10:56:13.858Z,0.1,0.2,0,-1.7,3.1,1.8,0
67499dcea88c9300588bb0ab,2024-11-29T10:56:13.875Z,-0.1,0.2,0.1,-2.3,2.5,2.2,0
67499dcea88c9300588bb0ac,2024-11-29T10:56:13.892Z,-0.2,0.1,0,-2.5,2.9,3.8,0
67499dcea88c9300588bb0ad,2024-11-29T10:56:13.908Z,0,0,0,-3,3.8,4.5,0
67499dcea88c9300588bb0ae,2024-11-29T10:56:13.925Z,0.2,-0.1,-0.1,-3.4,4.1,3.6,0
67499dcea88c9300588bb0af,2024-11-29T10:56:13.942Z,0.2,0,-0.1,-4,4.2,2.4,0
67499dcea88c9300588bb0b0,2024-11-29T10:56:13.958Z,-0.1,0.1,0.2,-3.6,2.8,3.7,0
67499dcea88c9300588bb0b1,2024-11-29T10:56:13.975Z,-0.1,0.2,0.3,-3.4,-0.6,4.2,0
67499dcea88c9300588bb0b2,2024-11-29T10:56:13.992Z,0,0.2,0.3,-3.4,-2.3,4.2,0
67499dcea88c9300588bb0b3,2024-11-29T10:56:14.008Z,0,0.1,0.3,-3,-1.4,3.9,0
67499dcea88c9300588bb0b4,2024-11-29T10:56:14.025Z,0.1,0.1,0.3,-1.7,-0.6,3.9,0
67499dcea88c9300588bb0b5,2024-11-29T10:56:14.042Z,0.1,0,0.3,-0.6,0.2,3,0
67499dcea88c9300588bb0b6,2024-11-29T10:56:14.058Z,0.1,0,0.3,0.3,0,2.6,0
67499dcea88c9300588bb0b7,2024-11-29T10:56:14.075Z,0.3,-0.1,0.2,0.6,-0.7,1.5,0
67499dcea88c9300588bb0b8,2024-11-29T10:56:14.092Z,0.2,-0.1,0.2,-0.1,-1,0.4,0
67499dcea88c9300588bb0b9,2024-11-29T10:56:14.108Z,0.1,0.1,0.2,-1.6,-2.3,-0.1,0
67499dcea88c9300588bb0ba,2024-11-29T10:56:14.125Z,-0.3,0.3,0.4,-3.6,-4.4,0.4,0
67499dcea88c9300588bb0bb,2024-11-29T10:56:14.142Z,-0.3,0.3,0.4,-4.2,-5.2,2.4,0
67499dcea88c9300588bb0bc,2024-11-29T10:56:14.159Z,-0.2,0.1,0.3,-0.7,-4.2,3,0
67499dcea88c9300588bb0bd,2024-11-29T10:56:14.175Z,0.3,-0.1,0.2,2.5,-3.4,-0.2,0
67499dcea88c9300588bb0be,2024-11-29T10:56:14.192Z,0.3,-0.1,0.4,5.1,-4.6,-2.4,0
67499dcea88c9300588bb0bf,2024-11-29T10:56:14.208Z,0.2,0,0.3,6.6,-6,-3.5,0
67499dcea88c9300588bb0c0,2024-11-29T10:56:14.225Z,0.3,-0.1,0.1,6.2,-5.7,-4.6,0
67499dcea88c9300588bb0c1,2024-11-29T10:56:14.242Z,0.3,-0.1,0.1,5.8,-5.8,-5.1,0
67499dcea88c9300588bb0c2,2024-11-29T10:56:14.258Z,0.2,-0.1,0.1,5.3,-6.4,-5,0
67499dcea88c9300588bb0c3,2024-11-29T10:56:14.275Z,-0.1,0.1,0,4.7,-7,-4.1,0
67499dcea88c9300588bb0c4,2024-11-29T10:56:14.292Z,-0.4,0.3,-0.3,2.7,-5.3,-1.7,0
67499dcea88c9300588bb0c5,2024-11-29T10:56:14.308Z,-0.6,0.5,-0.5,0.1,-3.7,-0.1,0
67499dcea88c9300588bb0c6,2024-11-29T10:56:14.325Z,-0.3,0.4,-0.5,-2.2,-2.5,-0.3,0
67499dcea88c9300588bb0c7,2024-11-29T10:56:14.342Z,0,0.2,-0.5,-2.3,-1.6,-1.2,0
67499dcea88c9300588bb0c8,2024-11-29T10:56:14.358Z,-0.2,0,0.1,-2.3,-2.6,-0.9,0
67499dcea88c9300588bb0c9,2024-11-29T10:56:14.375Z,-0.2,0.2,0.1,-1.7,-4.6,0.7,0
67499dcea88c9300588bb0ca,2024-11-29T10:56:14.392Z,0.2,0.1,0.3,-1.4,-3.9,1.6,0
67499dcea88c9300588bb0cb,2024-11-29T10:56:14.408Z,0.2,0.1,0.4,-1.6,-5.3,0.5,0
67499dcea88c9300588bb0cc,2024-11-29T10:56:14.425Z,0.2,0.1,0.3,-2.2,-6.6,0.1,0
67499dcea88c9300588bb0cd,2024-11-29T10:56:14.442Z,0.2,0.1,0.1,-3.6,-6.2,-0.2,0
67499dcea88c9300588bb0ce,2024-11-29T10:56:14.458Z,0.4,-0.1,0,-4.7,-6.1,-1.2,0
67499dcea88c9300588bb0cf,2024-11-29T10:56:14.475Z,0.3,-0.2,0.2,-5.9,-8.1,-3.3,0
67499dcea88c9300588bb0d0,2024-11-29T10:56:14.492Z,0.1,-0.2,0.2,-5.3,-9.5,-3.9,0
67499dcea88c9300588bb0d1,2024-11-29T10:56:14.508Z,0,0,0.2,-2.7,-8.2,-3.2,0
67499dcea88c9300588bb0d2,2024-11-29T10:56:14.525Z,-0.1,0.1,0.2,-0.8,-6.8,-2.1,0
67499dcea88c9300588bb0d3,2024-11-29T10:56:14.542Z,-0.1,0.2,0,0.6,-5.3,-0.5,0
67499dcea88c9300588bb0d4,2024-11-29T10:56:14.558Z,-0.2,0.2,0,0.2,-5.7,-0.1,0
67499dcea88c9300588bb0d5,2024-11-29T10:56:14.575Z,-0.1,0.2,-0.1,-0.7,-5.7,-0.2,0
67499dcea88c9300588bb0d6,2024-11-29T10:56:14.592Z,-0.2,0.2,0,-1.3,-4.9,0.4,0
67499dcea88c9300588bb0d7,2024-11-29T10:56:14.608Z,-0.1,0.2,0.1,-1.5,-3.9,1,0
67499dd3a88c9300588bb0d9,2024-11-29T10:56:18.791Z,-0.4,0.3,0.3,-0.7,-1.6,4.1,0
67499dd3a88c9300588bb0da,2024-11-29T10:56:18.808Z,-0.1,0.1,0.3,1.5,0.2,3.7,0
67499dd3a88c9300588bb0db,2024-11-29T10:56:18.825Z,0.1,0.1,0.5,5.8,5,2.3,0
67499dd3a88c9300588bb0dc,2024-11-29T10:56:18.841Z,0,0.2,0.3,7.7,8.3,3.1,0
67499dd3a88c9300588bb0dd,2024-11-29T10:56:18.858Z,-0.1,0.3,0.2,6.9,9.8,4.5,0
67499dd3a88c9300588bb0de,2024-11-29T10:56:18.875Z,0,0.3,0.3,6.8,8.9,4.8,0
67499dd3a88c9300588bb0df,2024-11-29T10:56:18.891Z,0.2,0.1,0.3,8,4.2,4,0
67499dd3a88c9300588bb0e0,2024-11-29T10:56:18.908Z,0,0.1,-0.1,8,2.9,3.8,0
67499dd3a88c9300588bb0e1,2024-11-29T10:56:18.925Z,0,0,0.1,8.6,4.3,3.4,0
67499dd3a88c9300588bb0e2,2024-11-29T10:56:18.941Z,-0.1,0.1,0.1,10.5,5.6,3.2,0
67499dd3a88c9300588bb0e3,2024-11-29T10:56:18.958Z,0.1,0.1,0,11.2,8.3,1.9,0
67499dd3a88c9300588bb0e4,2024-11-29T10:56:18.975Z,0.4,0.1,0.1,10.6,7.9,-1,0
67499dd3a88c9300588bb0e5,2024-11-29T10:56:18.991Z,0.3,0.1,0,9,6.7,-2.1,0
67499dd3a88c9300588bb0e6,2024-11-29T10:56:19.008Z,0.1,0,-0.1,6,4.8,-1.1,0
67499dd3a88c9300588bb0e7,2024-11-29T10:56:19.025Z,0.1,-0.1,-0.1,3,2.9,0.7,0
67499dd3a88c9300588bb0e8,2024-11-29T10:56:19.041Z,0.2,0,-0.2,0.7,3.2,2,0
67499dd3a88c9300588bb0e9,2024-11-29T10:56:19.058Z,0.2,-0.1,-0.2,-0.1,3.3,1.3,0
67499dd3a88c9300588bb0ea,2024-11-29T10:56:19.075Z,0.2,-0.1,-0.1,-1.2,1.5,-1.5,0
67499dd3a88c9300588bb0eb,2024-11-29T10:56:19.091Z,0.1,-0.1,-0.1,-2.3,0,-3.6,0
67499dd3a88c9300588bb0ec,2024-11-29T10:56:19.108Z,0.2,-0.1,0,-3.2,-1.8,-5.2,0
67499dd3a88c9300588bb0ed,2024-11-29T10:56:19.125Z,0.3,-0.2,0,-4.4,-1.9,-7.5,0
67499dd3a88c9300588bb0ee,2024-11-29T10:56:19.142Z,0.2,-0.1,0,-4.7,0.3,-8.1,0
67499dd3a88c9300588bb0ef,2024-11-29T10:56:19.158Z,-0.6,0.3,0.4,-2.6,1.3,-3.8,0
67499dd3a88c9300588bb0f0,2024-11-29T10:56:19.175Z,-0.8,0.5,0.2,-0.7,-0.2,1.9,0
67499dd3a88c9300588bb0f1,2024-11-29T10:56:19.191Z,-0.3,0.4,0.2,-0.4,-1.2,2.5,0
67499dd3a88c9300588bb0f2,2024-11-29T10:56:19.208Z,-0.2,0.4,0.3,0.6,-2.1,1.1,0
67499dd3a88c9300588bb0f3,2024-11-29T10:56:19.225Z,-0.1,0.2,0.4,1.9,-2.3,-1.4,0
67499dd3a88c9300588bb0f4,2024-11-29T10:56:19.241Z,-0.1,0.1,0.4,4.2,-0.7,-3.2,0
67499dd3a88c9300588bb0f5,2024-11-29T10:56:19.258Z,-0.1,0.1,0.3,6.1,0.7,-2.8,0
67499dd3a88c9300588bb0f6,2024-11-29T10:56:19.275Z,-0.1,0.1,0.3,7.2,0.5,-1.4,0
67499dd3a88c9300588bb0f7,2024-11-29T10:56:19.291Z,0.1,0.2,0.1,8.4,2.1,0.1,0
67499dd3a88c9300588bb0f8,2024-11-29T10:56:19.308Z,0.1,0.2,0,9.4,7.5,1.2,0
67499dd3a88c9300588bb0f9,2024-11-29T10:56:19.325Z,-0.1,0.3,-0.2,9.6,8.7,2.6,0
67499dd3a88c9300588bb0fa,2024-11-29T10:56:19.341Z,-0.2,0.2,-0.4,6.1,6.4,4,0
67499dd3a88c9300588bb0fb,2024-11-29T10:56:19.358Z,0.2,-0.1,-0.4,0,-0.1,3.3,0
67499dd3a88c9300588bb0fc,2024-11-29T10:56:19.375Z,0.1,-0.1,-0.4,-2.4,-1.4,2.9,0
67499dd3a88c9300588bb0fd,2024-11-29T10:56:19.391Z,0.2,-0.2,-0.2,-1.8,0.7,2.5,0
67499dd3a88c9300588bb0fe,2024-11-29T10:56:19.408Z,0.1,-0.1,0.1,0.2,3.3,3.1,0
67499dd3a88c9300588bb0ff,2024-11-29T10:56:19.425Z,0.2,0,-0.1,-0.8,5.5,2.7,0
67499dd3a88c9300588bb100,2024-11-29T10:56:19.441Z,0.5,0,-0.1,-4.2,5.8,-0.7,0
67499dd3a88c9300588bb101,2024-11-29T10:56:19.458Z,0.4,0,0,-6.6,4,-4.1,0
67499dd3a88c9300588bb102,2024-11-29T10:56:19.475Z,0.2,-0.1,0.3,-7.1,0.6,-6.9,0
67499dd3a88c9300588bb103,2024-11-29T10:56:19.491Z,0.3,-0.3,0.4,-5.5,-1.9,-8.7,0
67499dd3a88c9300588bb104,2024-11-29T10:56:19.508Z,0.2,-0.2,0.3,-3.5,-1.1,-9.2,0
67499dd3a88c9300588bb105,2024-11-29T10:56:19.525Z,0.2,-0.1,0.1,-2.5,0.3,-10,0
67499dd3a88c9300588bb106,2024-11-29T10:56:19.542Z,-0.7,0.4,0.1,-2,0.4,-9.5,0
67499dd3a88c9300588bb107,2024-11-29T10:56:19.558Z,-0.9,0.6,-0.1,-2.1,-0.9,-4.7,0
67499dd3a88c9300588bb108,2024-11-29T10:56:19.575Z,-0.8,0.6,0.1,-2.4,-1.2,-2,0
67499dd3a88c9300588bb109,2024-11-29T10:56:19.591Z,-0.6,0.5,0.3,-1.6,-2.2,-1.5,0
67499dd3a88c9300588bb10a,2024-11-29T10:56:19.608Z,-0.3,0.3,0.4,-0.7,-2.1,-1.8,0
67499dd8a88c9300588bb10c,2024-11-29T10:56:23.791Z,-0.3,0.2,0.3,7.6,2.7,-13.5,0
67499dd8a88c9300588bb10d,2024-11-29T10:56:23.808Z,-0.6,0.5,0,7.4,4.3,-11,0
67499dd8a88c9300588bb10e,2024-11-29T10:56:23.825Z,-0.9,0.7,-0.4,3.7,3.7,-7.6,0
67499dd8a88c9300588bb10f,2024-11-29T10:56:23.841Z,-1,0.8,-0.5,-0.8,1.8,-4.9,0
67499dd8a88c9300588bb110,2024-11-29T10:56:23.858Z,-0.8,0.6,-0.5,-5.1,-0.7,-4.1,0
67499dd8a88c9300588bb111,2024-11-29T10:56:23.875Z,-0.5,0.4,-0.3,-6.3,-0.1,-4.2,0
67499dd8a88c9300588bb112,2024-11-29T10:56:23.891Z,-0.6,0.3,0,-4.4,-0.4,-3.2,0
67499dd8a88c9300588bb113,2024-11-29T10:56:23.908Z,-0.6,0.3,0.2,-3.1,-2.6,-1,0
67499dd8a88c9300588bb114,2024-11-29T10:56:23.924Z,-0.3,0.3,0.7,0.4,-6,-0.1,0
67499dd8a88c9300588bb115,2024-11-29T10:56:23.941Z,0.1,0.3,0.8,3.7,-4.1,-0.6,0
67499dd8a88c9300588bb116,2024-11-29T10:56:23.958Z,-0.3,0.3,0.2,1,2.8,1.2,0
67499dd8a88c9300588bb117,2024-11-29T10:56:23.975Z,-0.5,0.2,0.3,-0.9,-1.5,5.1,0
67499dd8a88c9300588bb118,2024-11-29T10:56:23.991Z,-0.5,0.2,0.3,-0.8,-5.4,8.2,0
67499dd8a88c9300588bb119,2024-11-29T10:56:24.008Z,-0.1,0.2,0.5,2.1,-6.6,9.4,0
67499dd8a88c9300588bb11a,2024-11-29T10:56:24.025Z,0.1,0.2,0.3,5.6,-3.9,7.2,0
67499dd8a88c9300588bb11b,2024-11-29T10:56:24.041Z,0,0.3,0,6.3,-0.6,5.4,0
67499dd8a88c9300588bb11c,2024-11-29T10:56:24.058Z,-0.3,0.2,-0.3,3.1,0.1,5.4,0
67499dd8a88c9300588bb11d,2024-11-29T10:56:24.075Z,-0.5,0.3,-0.2,-0.7,-3.2,8.3,0
67499dd8a88c9300588bb11e,2024-11-29T10:56:24.091Z,-0.1,0.2,0,-1.4,-3.9,11.9,0
67499dd8a88c9300588bb11f,2024-11-29T10:56:24.108Z,0.5,0,0.1,0.9,-1.6,11,0
67499dd8a88c9300588bb120,2024-11-29T10:56:24.124Z,0.5,0,0.1,3.5,1.2,7.8,0
67499dd8a88c9300588bb121,2024-11-29T10:56:24.141Z,0.4,0,-0.1,3.8,2.2,6,0
67499dd8a88c9300588bb122,2024-11-29T10:56:24.158Z,0.5,-0.2,-0.2,0.3,-0.1,3.9,0
67499dd8a88c9300588bb123,2024-11-29T10:56:24.175Z,0.5,-0.2,-0.2,-2.2,-2.6,2.8,0
67499dd8a88c9300588bb124,2024-11-29T10:56:24.191Z,0.4,-0.3,-0.1,-3.7,-5.6,2.9,0
67499dd8a88c9300588bb125,2024-11-29T10:56:24.208Z,0.4,-0.2,0,-4.9,-7.8,3.3,0
67499dd8a88c9300588bb126,2024-11-29T10:56:24.225Z,0.4,-0.1,0.1,-5.6,-7.6,2.8,0
67499dd8a88c9300588bb127,2024-11-29T10:56:24.241Z,0.3,0,0.1,-6.3,-6.7,2,0
67499dd8a88c9300588bb128,2024-11-29T10:56:24.258Z,0.2,0,0.1,-6.4,-4.8,0.9,0
67499dd8a88c9300588bb129,2024-11-29T10:56:24.275Z,0,0.1,0.1,-5.9,-4.1,0.1,0
67499dd8a88c9300588bb12a,2024-11-29T10:56:24.291Z,-0.1,0.1,0.2,-4.7,-4.7,-0.4,0
67499dd8a88c9300588bb12b,2024-11-29T10:56:24.308Z,-0.1,0.1,0.3,-2.3,-3,-1.1,0
67499dd8a88c9300588bb12c,2024-11-29T10:56:24.325Z,0,0.1,0.3,0.3,-0.4,-1.7,0
67499dd8a88c9300588bb12d,2024-11-29T10:56:24.341Z,0.2,0,0.3,2.8,1,-2.7,0
67499dd8a88c9300588bb12e,2024-11-29T10:56:24.358Z,0.3,-0.1,0,2.7,0.9,-3.7,0
67499dd8a88c9300588bb12f,2024-11-29T10:56:24.375Z,0.1,0,0.1,1.4,-0.7,-2.8,0
67499dd8a88c9300588bb130,2024-11-29T10:56:24.391Z,0,0,0,-0.2,-1.3,-1.3,0
67499dd8a88c9300588bb131,2024-11-29T10:56:24.408Z,0,0,-0.1,-1,-0.9,-1.5,0
67499dd8a88c9300588bb132,2024-11-29T10:56:24.425Z,0.2,0,-0.2,-1,2.3,-4.1,0
67499dd8a88c9300588bb133,2024-11-29T10:56:24.441Z,0.1,0,-0.3,-0.5,5.8,-6.8,0
67499dd8a88c9300588bb134,2024-11-29T10:56:24.458Z,0.3,-0.1,-0.2,-0.5,6.9,-8.2,0
67499dd8a88c9300588bb135,2024-11-29T10:56:24.475Z,0.6,-0.3,0,-0.5,5.7,-11.6,0
67499dd8a88c9300588bb136,2024-11-29T10:56:24.491Z,0.5,-0.3,0.2,-1.3,3,-15.2,0
67499dd8a88c9300588bb137,2024-11-29T10:56:24.508Z,-0.1,0,0.2,-2.4,0.1,-15.4,0
67499dd8a88c9300588bb138,2024-11-29T10:56:24.525Z,-0.8,0.4,0.1,-3.9,-2.5,-11.4,0
67499dd8a88c9300588bb139,2024-11-29T10:56:24.541Z,-1.2,0.8,0,-5.3,-5,-4.3,0
67499dd8a88c9300588bb13a,2024-11-29T10:56:24.558Z,-1.1,0.8,0,-5.4,-3.3,4.3,0
67499dd8a88c9300588bb13b,2024-11-29T10:56:24.574Z,-0.6,0.5,0.1,-4.1,-2.4,4.8,0
67499dd8a88c9300588bb13c,2024-11-29T10:56:24.591Z,-0.1,0.2,0.4,-2.4,-4,0.5,0
67499dd8a88c9300588bb13d,2024-11-29T10:56:24.621Z,0,0.1,0.4,-1.4,-3.8,-2.3,0
67499ddda88c9300588bb13f,2024-11-29T10:56:28.791Z,-0.1,0.2,0,-10.2,-12,3.2,0
67499ddda88c9300588bb140,2024-11-29T10:56:28.808Z,-0.1,0.2,0.3,-7.2,-4.5,2.6,0
67499ddda88c9300588bb141,2024-11-29T10:56:28.824Z,0,0.1,0.5,0,2.3,3.3,0
67499ddda88c9300588bb142,2024-11-29T10:56:28.841Z,0.2,0,0.2,4.2,5.2,3.6,0
67499ddda88c9300588bb143,2024-11-29T10:56:28.858Z,0.3,0,-0.2,3.4,4.7,3.3,0
67499ddda88c9300588bb144,2024-11-29T10:56:28.874Z,0.3,-0.1,-0.2,-0.6,1.4,3.5,0
67499ddda88c9300588bb145,2024-11-29T10:56:28.891Z,0.4,-0.1,0.1,-3.4,-0.6,2.9,0
67499ddda88c9300588bb146,2024-11-29T10:56:28.908Z,0.4,-0.1,0.3,-2.4,-0.5,2.3,0
67499ddda88c9300588bb147,2024-11-29T10:56:28.924Z,0.2,0,0.4,1,0.8,1.4,0
67499ddda88c9300588bb148,2024-11-29T10:56:28.941Z,0,0.1,0.2,3,1.8,0.9,0
67499ddda88c9300588bb149,2024-11-29T10:56:28.958Z,0,0.1,0.1,2.8,3.2,0,0
67499ddda88c9300588bb14a,2024-11-29T10:56:28.974Z,0,0.1,0.1,3.1,5.7,-1.1,0
67499ddda88c9300588bb14b,2024-11-29T10:56:28.991Z,-0.2,0.2,0.2,4.7,7.3,-0.7,0
67499ddda88c9300588bb14c,2024-11-29T10:56:29.008Z,-0.1,0.2,0.4,6.6,6.4,0.8,0
67499ddda88c9300588bb14d,2024-11-29T10:56:29.024Z,-0.2,0.1,0.1,6.5,7.2,2.8,0
67499ddda88c9300588bb14e,2024-11-29T10:56:29.041Z,-0.3,0,-0.1,6,8.1,5.1,0
67499ddda88c9300588bb14f,2024-11-29T10:56:29.058Z,-0.1,0.1,-0.1,5.7,7.1,5.4,0
67499ddda88c9300588bb150,2024-11-29T10:56:29.074Z,-0.4,0.3,-0.4,3.6,6.5,6.7,0
67499ddda88c9300588bb151,2024-11-29T10:56:29.091Z,-0.6,0.4,-0.5,0.1,2.6,7.2,0
67499ddda88c9300588bb152,2024-11-29T10:56:29.108Z,-0.2,0.2,-0.2,-2.8,-2,6.3,0
67499ddda88c9300588bb153,2024-11-29T10:56:29.124Z,0.1,0.1,0.2,-3.7,-3.8,5.1,0
67499ddda88c9300588bb154,2024-11-29T10:56:29.141Z,0.1,0.1,0.3,-2.8,-0.9,5.2,0
67499ddda88c9300588bb155,2024-11-29T10:56:29.158Z,0.1,0.1,0.5,-1.5,1,5.8,0
67499ddda88c9300588bb156,2024-11-29T10:56:29.174Z,0.2,0,0.3,-0.5,-0.8,4.6,0
67499ddda88c9300588bb157,2024-11-29T10:56:29.191Z,0.2,0,0.1,-0.3,-2.3,4.5,0
67499ddda88c9300588bb158,2024-11-29T10:56:29.208Z,0.3,-0.1,0.1,-0.5,-3.6,3.6,0
67499ddda88c9300588bb159,2024-11-29T10:56:29.224Z,0.4,-0.1,0.1,-0.5,-2.8,2.5,0
67499ddda88c9300588bb15a,2024-11-29T10:56:29.241Z,0.5,-0.2,0.3,0.7,-1.9,0.8,0
67499ddda88c9300588bb15b,2024-11-29T10:56:29.258Z,0.4,-0.1,0.2,1.6,-1.4,-0.3,0
67499ddda88c9300588bb15c,2024-11-29T10:56:29.274Z,0.2,0.1,0.1,1.3,0.5,-0.4,0
67499ddda88c9300588bb15d,2024-11-29T10:56:29.291Z,0,0.1,0.2,1.3,-1,-1.2,0
67499ddda88c9300588bb15e,2024-11-29T10:56:29.308Z,-0.1,0.2,0.1,1.8,-1.8,-2.3,0
67499ddda88c9300588bb15f,2024-11-29T10:56:29.324Z,-0.1,0.2,0.2,2.9,-1.5,-3.6,0
67499ddda88c9300588bb160,2024-11-29T10:56:29.342Z,0,0,0.2,3.7,-0.1,-5.6,0
67499ddda88c9300588bb161,2024-11-29T10:56:29.358Z,0.1,0,0.2,2.8,0.3,-6.8,0
67499ddda88c9300588bb162,2024-11-29T10:56:29.374Z,0,-0.1,0.2,2.2,-1,-5.8,0
67499ddda88c9300588bb163,2024-11-29T10:56:29.391Z,0,-0.1,0.1,1.6,-2.4,-4.6,0
67499ddda88c9300588bb164,2024-11-29T10:56:29.408Z,-0.1,0,0.1,1.6,-4,-3.4,0
67499ddda88c9300588bb165,2024-11-29T10:56:29.424Z,-0.2,0.2,-0.1,1.6,-4.8,-1.3,0
67499ddda88c9300588bb166,2024-11-29T10:56:29.441Z,-0.2,0.3,0,1.4,-5.7,-0.1,0
67499ddda88c9300588bb167,2024-11-29T10:56:29.458Z,-0.2,0.3,0,1.6,-6.3,0.1,0
67499ddda88c9300588bb168,2024-11-29T10:56:29.474Z,-0.3,0.4,0,1.5,-6.3,0.9,0
67499ddda88c9300588bb169,2024-11-29T10:56:29.491Z,-0.3,0.3,0,1,-7.8,1.8,0
67499ddda88c9300588bb16a,2024-11-29T10:56:29.508Z,-0.2,0.2,-0.2,-1.8,-8.4,2.2,0
67499ddda88c9300588bb16b,2024-11-29T10:56:29.524Z,-0.2,0.2,-0.2,-4,-8.1,3,0
67499ddda88c9300588bb16c,2024-11-29T10:56:29.541Z,0.1,0.1,-0.2,-5.9,-8.9,2.9,0
67499ddda88c9300588bb16d,2024-11-29T10:56:29.558Z,0.3,-0.1,-0.2,-9.8,-12.1,1.4,0
67499ddda88c9300588bb16e,2024-11-29T10:56:29.574Z,0.4,-0.1,-0.1,-13,-16.4,-1,0
67499ddda88c9300588bb16f,2024-11-29T10:56:29.591Z,0.4,-0.1,0.1,-14.3,-17.3,-3.4,0
67499ddda88c9300588bb170,2024-11-29T10:56:29.608Z,0.1,0,0.4,-12.9,-12.4,-4.1,0
67499de2a88c9300588bb172,2024-11-29T10:56:33.791Z,0.3,0,0.2,2.2,-1.3,-0.5,0
67499de2a88c9300588bb173,2024-11-29T10:56:33.807Z,0.2,0.1,0.1,1.5,-1.2,-0.1,0
67499de2a88c9300588bb174,2024-11-29T10:56:33.824Z,0.3,0,-0.1,0,-1.8,-1.6,0
67499de2a88c9300588bb175,2024-11-29T10:56:33.841Z,0.1,0.1,0,-0.8,-2.8,-3,0
67499de2a88c9300588bb176,2024-11-29T10:56:33.857Z,-0.2,0.2,0.1,0.3,-2,-2.7,0
67499de2a88c9300588bb177,2024-11-29T10:56:33.874Z,-0.2,0.2,0.2,2.5,1.4,-1.9,0
67499de2a88c9300588bb178,2024-11-29T10:56:33.891Z,-0.1,0.2,-0.1,1.9,3.9,-2.6,0
67499de2a88c9300588bb179,2024-11-29T10:56:33.907Z,0,0.1,-0.1,1.4,4.7,-3.9,0
67499de2a88c9300588bb17a,2024-11-29T10:56:33.924Z,0,0,0,1,2.8,-5.1,0
67499de2a88c9300588bb17b,2024-11-29T10:56:33.941Z,0,0.1,-0.2,-1.5,-0.5,-5.7,0
67499de2a88c9300588bb17c,2024-11-29T10:56:33.957Z,-0.2,0.1,0.1,-3.6,-2.6,-5.3,0
67499de2a88c9300588bb17d,2024-11-29T10:56:33.974Z,-0.3,0.3,0.2,-2.9,-1.7,-2.6,0
67499de2a88c9300588bb17e,2024-11-29T10:56:33.991Z,-0.5,0.4,0.2,-1.7,-0.8,0,0
67499de2a88c9300588bb17f,2024-11-29T10:56:34.007Z,-0.4,0.4,0.1,-1.2,-0.4,1.6,0
67499de2a88c9300588bb180,2024-11-29T10:56:34.024Z,-0.2,0.3,0.3,-0.3,-0.8,0.8,0
67499de2a88c9300588bb181,2024-11-29T10:56:34.041Z,-0.3,0.3,0.1,1,-0.4,0.6,0
67499de2a88c9300588bb182,2024-11-29T10:56:34.057Z,-0.1,0.1,0,0.9,0.8,1,0
67499de2a88c9300588bb183,2024-11-29T10:56:34.074Z,-0.1,0,0.3,1.1,-1.4,1.4,0
67499de2a88c9300588bb184,2024-11-29T10:56:34.091Z,0.1,0,0.2,0.1,-6.6,2,0
67499de2a88c9300588bb185,2024-11-29T10:56:34.107Z,0.4,0,0.1,-1.5,-8.7,1.2,0
67499de2a88c9300588bb186,2024-11-29T10:56:34.124Z,0.2,0.1,0.3,-2.7,-8.3,0.1,0
67499de2a88c9300588bb187,2024-11-29T10:56:34.141Z,0.3,0,0.3,-1.3,-7.1,-0.2,0
67499de2a88c9300588bb188,2024-11-29T10:56:34.158Z,0.2,0,0.3,2.6,-3.7,-1.7,0
67499de2a88c9300588bb189,2024-11-29T10:56:34.174Z,0.3,-0.1,0.2,5.3,-0.8,-2.7,0
67499de2a88c9300588bb18a,2024-11-29T10:56:34.191Z,0.2,0,-0.2,4.9,1.8,-2.6,0
67499de2a88c9300588bb18b,2024-11-29T10:56:34.207Z,-0.1,0.1,-0.3,3.2,1.9,-0.9,0
67499de2a88c9300588bb18c,2024-11-29T10:56:34.224Z,-0.4,0.2,-0.3,0.9,0.1,1.9,0
67499de2a88c9300588bb18d,2024-11-29T10:56:34.241Z,-0.4,0.3,-0.3,-1.2,-0.4,2.8,0
67499de2a88c9300588bb18e,2024-11-29T10:56:34.257Z,-0.3,0.3,-0.1,-1.3,0.1,1.9,0
67499de2a88c9300588bb18f,2024-11-29T10:56:34.274Z,-0.2,0.2,0.2,1.6,3.7,0.2,0
67499de2a88c9300588bb190,2024-11-29T10:56:34.291Z,0,0.1,0.4,6.2,8.5,-1.4,0
67499de2a88c9300588bb191,2024-11-29T10:56:34.307Z,0.1,0,0.4,9.5,12.8,-2.5,0
67499de2a88c9300588bb192,2024-11-29T10:56:34.324Z,0.3,-0.1,0.3,10.2,13.7,-3,0
67499de2a88c9300588bb193,2024-11-29T10:56:34.341Z,0.3,-0.2,0.1,8.1,11.7,-3.1,0
67499de2a88c9300588bb194,2024-11-29T10:56:34.357Z,0.2,-0.1,0,4.4,6.1,-2.5,0
67499de2a88c9300588bb195,2024-11-29T10:56:34.374Z,0.1,0,-0.1,-1.3,-1.7,-2,0
67499de2a88c9300588bb196,2024-11-29T10:56:34.391Z,0.2,0,-0.1,-3.2,-1.2,-3,0
67499de2a88c9300588bb197,2024-11-29T10:56:34.407Z,0,0.1,0.1,-1.8,-0.2,-4.2,0
67499de2a88c9300588bb198,2024-11-29T10:56:34.424Z,-0.2,0.1,0,1,0.5,-3.6,0
67499de2a88c9300588bb199,2024-11-29T10:56:34.441Z,-0.2,0.1,0,2.3,0.7,-4,0
67499de2a88c9300588bb19a,2024-11-29T10:56:34.457Z,-0.3,0.2,-0.1,2.1,1.4,-3.3,0
67499de2a88c9300588bb19b,2024-11-29T10:56:34.474Z,0,0.1,0,2.6,3.3,-3.3,0
67499de2a88c9300588bb19c,2024-11-29T10:56:34.491Z,0.2,0.1,0.1,3,3.3,-4.8,0
67499de2a88c9300588bb19d,2024-11-29T10:56:34.507Z,0.2,0.1,0,1.6,0.3,-6.6,0
67499de2a88c9300588bb19e,2024-11-29T10:56:34.524Z,0.1,0.1,0,-0.5,-1.8,-7,0
67499de2a88c9300588bb19f,2024-11-29T10:56:34.541Z,0.1,0,0,-1.8,-2,-6.4,0
67499de2a88c9300588bb1a0,2024-11-29T10:56:34.557Z,0,0.1,0.1,-2.5,-1.4,-4,0
67499de2a88c9300588bb1a1,2024-11-29T10:56:34.574Z,-0.1,0.1,0,-3.1,-1.7,-2.2,0
67499de2a88c9300588bb1a2,2024-11-29T10:56:34.591Z,-0.5,0.3,-0.2,-4,-1.9,0.1,0
67499de2a88c9300588bb1a3,2024-11-29T10:56:34.607Z,-0.8,0.6,-0.1,-4.5,-3,2.4,0
67499de7a88c9300588bb1a5,2024-11-29T10:56:38.791Z,0,0,-0.4,-9.5,-11,1.8,0
67499de7a88c9300588bb1a6,2024-11-29T10:56:38.807Z,-0.2,0.1,0,-11.3,-9.8,2.7,0
67499de7a88c9300588bb1a7,2024-11-29T10:56:38.824Z,-0.4,0.2,0.4,-7.2,-7.3,5,0
67499de7a88c9300588bb1a8,2024-11-29T10:56:38.841Z,-0.3,0.2,0.6,-0.2,-2.3,6.9,0
67499de7a88c9300588bb1a9,2024-11-29T10:56:38.857Z,0,0.2,0.2,4.4,1.5,7.3,0
67499de7a88c9300588bb1aa,2024-11-29T10:56:38.874Z,0.2,0.1,0.1,4.8,2,5.5,0
67499de7a88c9300588bb1ab,2024-11-29T10:56:38.891Z,0.2,0.1,0.1,2.9,-0.8,3.4,0
67499de7a88c9300588bb1ac,2024-11-29T10:56:38.907Z,0,0.2,0.2,1.4,-3,2.2,0
67499de7a88c9300588bb1ad,2024-11-29T10:56:38.924Z,0.1,0.1,0,0.6,-3,2.1,0
67499de7a88c9300588bb1ae,2024-11-29T10:56:38.941Z,-0.1,0.2,0.3,1.6,-1,3.4,0
67499de7a88c9300588bb1af,2024-11-29T10:56:38.957Z,0.4,-0.1,0.1,4.4,0.6,4.4,0
67499de7a88c9300588bb1b0,2024-11-29T10:56:38.974Z,0.4,-0.3,0.1,5,0.6,2.2,0
67499de7a88c9300588bb1b1,2024-11-29T10:56:38.991Z,0.3,-0.2,0,3.4,-1.1,2.3,0
67499de7a88c9300588bb1b2,2024-11-29T10:56:39.007Z,0.3,-0.1,0,1.5,-2.1,2.3,0
67499de7a88c9300588bb1b3,2024-11-29T10:56:39.024Z,0.2,0.1,-0.1,0,-0.1,1.7,0
67499de7a88c9300588bb1b4,2024-11-29T10:56:39.041Z,-0.1,0.2,0.1,0.5,2.3,1.6,0
67499de7a88c9300588bb1b5,2024-11-29T10:56:39.057Z,-0.1,0.2,0.1,1.3,3.9,0.9,0
67499de7a88c9300588bb1b6,2024-11-29T10:56:39.074Z,0,0,0.1,2.4,4.8,-0.9,0
67499de7a88c9300588bb1b7,2024-11-29T10:56:39.091Z,0,0,0,2.7,5.5,-1.2,0
67499de7a88c9300588bb1b8,2024-11-29T10:56:39.107Z,-0.1,0.1,-0.3,0.5,6.2,0,0
67499de7a88c9300588bb1b9,2024-11-29T10:56:39.124Z,-0.1,0.1,-0.4,-3.5,5.3,1.3,0
67499de7a88c9300588bb1ba,2024-11-29T10:56:39.141Z,-0.3,0.2,-0.1,-5.7,2.4,2.8,0
67499de7a88c9300588bb1bb,2024-11-29T10:56:39.157Z,-0.4,0.2,0.3,-4.7,-1.4,4.1,0
67499de7a88c9300588bb1bc,2024-11-29T10:56:39.174Z,0.4,0,0.6,0.1,-0.5,2.4,0
67499de7a88c9300588bb1bd,2024-11-29T10:56:39.191Z,0.2,0.1,0.6,3.3,1.5,0.4,0
67499de7a88c9300588bb1be,2024-11-29T10:56:39.208Z,-0.1,0.2,0.5,4.4,-0.9,1.4,0
67499de7a88c9300588bb1bf,2024-11-29T10:56:39.224Z,0.2,0.1,0.3,3,-3.5,2,0
67499de7a88c9300588bb1c0,2024-11-29T10:56:39.241Z,0.3,0.1,0.2,2.5,-3.6,1,0
67499de7a88c9300588bb1c1,2024-11-29T10:56:39.257Z,0,0.1,0.2,3.4,-4,0.4,0
67499de7a88c9300588bb1c2,2024-11-29T10:56:39.274Z,0.1,0.1,-0.1,4,-3,0.6,0
67499de7a88c9300588bb1c3,2024-11-29T10:56:39.291Z,0.1,0,-0.2,3.5,-2.2,0,0
67499de7a88c9300588bb1c4,2024-11-29T10:56:39.307Z,0,0,-0.3,2.2,-0.8,-0.3,0
67499de7a88c9300588bb1c5,2024-11-29T10:56:39.324Z,-0.1,0,-0.2,1.6,1,0.3,0
67499de7a88c9300588bb1c6,2024-11-29T10:56:39.341Z,-0.1,0.1,-0.2,1.3,3.1,1.1,0
67499de7a88c9300588bb1c7,2024-11-29T10:56:39.357Z,-0.2,0.3,-0.1,0.7,3.6,2.3,0
67499de7a88c9300588bb1c8,2024-11-29T10:56:39.374Z,-0.2,0.4,-0.2,-0.4,3.3,3.4,0
67499de7a88c9300588bb1c9,2024-11-29T10:56:39.391Z,-0.3,0.5,0.3,-0.2,3.8,4.7,0
67499de7a88c9300588bb1ca,2024-11-29T10:56:39.407Z,-0.3,0.3,0.4,1.6,6.2,4.8,0
67499de7a88c9300588bb1cb,2024-11-29T10:56:39.424Z,0,0.1,0.4,4.8,10.4,4,0
67499de7a88c9300588bb1cc,2024-11-29T10:56:39.441Z,-0.1,0,0.1,5.6,13,4.5,0
67499de7a88c9300588bb1cd,2024-11-29T10:56:39.457Z,-0.2,0,0.2,5.7,10.8,6,0
67499de7a88c9300588bb1ce,2024-11-29T10:56:39.474Z,-0.2,0.1,-0.1,2.4,3.1,6.3,0
67499de7a88c9300588bb1cf,2024-11-29T10:56:39.491Z,0,0,-0.1,-1.4,-3.1,4.6,0
67499de7a88c9300588bb1d0,2024-11-29T10:56:39.507Z,0.2,0,0,-1.9,-3.8,1.1,0
67499de7a88c9300588bb1d1,2024-11-29T10:56:39.524Z,0.5,0.1,0.6,1.4,0,-0.2,0
67499de7a88c9300588bb1d2,2024-11-29T10:56:39.541Z,-0.2,0.3,0.2,2.9,5.9,3.9,0
67499de7a88c9300588bb1d3,2024-11-29T10:56:39.557Z,-0.2,0.2,0,-1,2.2,7.1,0
67499de7a88c9300588bb1d4,2024-11-29T10:56:39.574Z,0.6,-0.2,0,-5.2,-4.7,4.6,0
67499de7a88c9300588bb1d5,2024-11-29T10:56:39.591Z,0.2,0,0.2,-3.6,-5.3,1.3,0
67499de7a88c9300588bb1d6,2024-11-29T10:56:39.607Z,0.2,0,0.1,-2.1,-5.3,-0.5,0
67499deca88c9300588bb1d8,2024-11-29T10:56:43.790Z,-0.2,0.2,0.2,5.5,2,1.2,0
67499deca88c9300588bb1d9,2024-11-29T10:56:43.807Z,-0.3,0.2,0.1,7.1,6.2,2.1,0
67499deca88c9300588bb1da,2024-11-29T10:56:43.824Z,0,0.1,-0.1,7.3,9.1,0.8,0
67499deca88c9300588bb1db,2024-11-29T10:56:43.840Z,0,0,-0.3,5.9,9.7,0.7,0
67499deca88c9300588bb1dc,2024-11-29T10:56:43.857Z,0,0.1,-0.4,1.4,7.3,1.5,0
67499deca88c9300588bb1dd,2024-11-29T10:56:43.874Z,0.2,-0.1,-0.4,-2.7,3.3,1.2,0
67499deca88c9300588bb1de,2024-11-29T10:56:43.890Z,-0.1,0,-0.3,-4.9,2.1,2.8,0
67499deca88c9300588bb1df,2024-11-29T10:56:43.907Z,-0.1,0,0,-4.2,1.9,4.2,0
67499deca88c9300588bb1e0,2024-11-29T10:56:43.924Z,-0.1,0.1,0.1,-1.9,2.1,4.8,0
67499deca88c9300588bb1e1,2024-11-29T10:56:43.940Z,-0.2,0.1,0.2,0.5,3.1,5.3,0
67499deca88c9300588bb1e2,2024-11-29T10:56:43.957Z,0,0.1,0.3,2.6,5.6,4.6,0
67499deca88c9300588bb1e3,2024-11-29T10:56:43.974Z,0.1,0.1,0.4,5.7,9.4,1.2,0
67499deca88c9300588bb1e4,2024-11-29T10:56:43.990Z,0,0.1,0.3,7,8.5,1.2,0
67499deca88c9300588bb1e5,2024-11-29T10:56:44.007Z,0,0.1,-0.1,5,5.7,2,0
67499deca88c9300588bb1e6,2024-11-29T10:56:44.024Z,0.3,0,-0.1,1.4,2.9,2.6,0
67499deca88c9300588bb1e7,2024-11-29T10:56:44.040Z,0.2,0,-0.1,-1.4,0.9,3.9,0
67499deca88c9300588bb1e8,2024-11-29T10:56:44.057Z,-0.2,-0.1,-0.1,-3.7,0,6.2,0
67499deca88c9300588bb1e9,2024-11-29T10:56:44.074Z,-0.2,-0.1,0,-5.1,-0.7,10.2,0
67499deca88c9300588bb1ea,2024-11-29T10:56:44.091Z,-0.2,0,-0.2,-5.1,-1.4,12.7,0
67499deca88c9300588bb1eb,2024-11-29T10:56:44.107Z,0.2,0.1,-0.4,-5.3,-0.1,12.1,0
67499deca88c9300588bb1ec,2024-11-29T10:56:44.124Z,0.6,0.1,-0.1,-4.6,2.3,7.1,0
67499deca88c9300588bb1ed,2024-11-29T10:56:44.140Z,0.6,0.2,0.1,-3.1,4.4,0.6,0
67499deca88c9300588bb1ee,2024-11-29T10:56:44.157Z,0.2,0.2,0.3,-2.2,5,-4.1,0
67499deca88c9300588bb1ef,2024-11-29T10:56:44.174Z,0.1,0,0.5,0.1,5.2,-6.4,0
67499deca88c9300588bb1f0,2024-11-29T10:56:44.190Z,0.2,-0.2,0.5,0.6,4.8,-6.8,0
67499deca88c9300588bb1f1,2024-11-29T10:56:44.207Z,0.4,-0.3,0.3,-0.5,4.4,-7.7,0
67499deca88c9300588bb1f2,2024-11-29T10:56:44.224Z,0.6,-0.3,0.1,-3.5,2.5,-11,0
67499deca88c9300588bb1f3,2024-11-29T10:56:44.240Z,0.3,-0.2,0.1,-5.6,-1,-12.3,0
67499deca88c9300588bb1f4,2024-11-29T10:56:44.257Z,-0.1,0,0.2,-5,-2.6,-11.8,0
67499deca88c9300588bb1f5,2024-11-29T10:56:44.274Z,-0.3,0.1,0.3,-1.2,-2.6,-10.1,0
67499deca88c9300588bb1f6,2024-11-29T10:56:44.290Z,-0.5,0.2,0.3,1,-1.6,-7.2,0
67499deca88c9300588bb1f7,2024-11-29T10:56:44.307Z,-0.3,0.3,0.1,0.6,-1.1,-6,0
67499deca88c9300588bb1f8,2024-11-29T10:56:44.324Z,-0.5,0.5,0.2,-0.3,-4.2,-4.8,0
67499deca88c9300588bb1f9,2024-11-29T10:56:44.340Z,-0.9,0.7,0.1,-0.9,-5.9,-2.7,0
67499deca88c9300588bb1fa,2024-11-29T10:56:44.357Z,-0.8,0.6,0.3,1.4,-5.3,-1.6,0
67499deca88c9300588bb1fb,2024-11-29T10:56:44.374Z,0,0.2,0.3,7,0.1,-4.3,0
67499deca88c9300588bb1fc,2024-11-29T10:56:44.390Z,-0.2,0.2,0.1,8.2,2.7,-2.8,0
67499deca88c9300588bb1fd,2024-11-29T10:56:44.407Z,-0.2,0.2,0.2,7.2,2.5,0.1,0
67499deca88c9300588bb1fe,2024-11-29T10:56:44.424Z,0.1,0.1,0,5.9,2.4,3,0
67499deca88c9300588bb1ff,2024-11-29T10:56:44.440Z,0.6,-0.2,-0.2,4.1,5.7,1.7,0
67499deca88c9300588bb200,2024-11-29T10:56:44.457Z,0.4,-0.2,-0.2,3.7,6.4,0,0
67499deca88c9300588bb201,2024-11-29T10:56:44.474Z,0.3,-0.1,-0.3,2.5,1,-1.7,0
67499deca88c9300588bb202,2024-11-29T10:56:44.490Z,0.2,-0.1,-0.4,-2,-1.1,-2,0
67499deca88c9300588bb203,2024-11-29T10:56:44.507Z,0.3,-0.1,0,-4,-0.2,-2.9,0
67499deca88c9300588bb204,2024-11-29T10:56:44.524Z,0.2,-0.1,0.1,-2.6,1.4,-4.3,0
67499deca88c9300588bb205,2024-11-29T10:56:44.541Z,0.3,-0.2,0.1,-0.7,3,-5.3,0
67499deca88c9300588bb206,2024-11-29T10:56:44.557Z,0.5,-0.2,0.1,-0.7,1.8,-8,0
67499deca88c9300588bb207,2024-11-29T10:56:44.574Z,0.5,-0.2,0.3,0.5,-1.7,-14.8,0
67499deca88c9300588bb208,2024-11-29T10:56:44.590Z,0.4,-0.1,0.4,1.8,-2.7,-18.3,0
67499deca88c9300588bb209,2024-11-29T10:56:44.607Z,0.1,-0.1,0.3,2.8,-2.2,-19.3,0
67499df1a88c9300588bb20b,2024-11-29T10:56:48.790Z,-0.5,0.1,-0.5,4.2,1.5,-0.4,0
67499df1a88c9300588bb20c,2024-11-29T10:56:48.807Z,-0.4,0.2,-0.6,-1,-3.5,-0.2,0
67499df1a88c9300588bb20d,2024-11-29T10:56:48.824Z,-0.5,0.3,-0.5,-3,-3.6,-0.8,0
67499df1a88c9300588bb20e,2024-11-29T10:56:48.840Z,-0.6,0.4,-0.4,-3.4,-1,0,0
67499df1a88c9300588bb20f,2024-11-29T10:56:48.857Z,-0.7,0.5,-0.3,-3.4,1.9,2.9,0
67499df1a88c9300588bb210,2024-11-29T10:56:48.874Z,-0.9,0.6,-0.1,-2.9,3.4,8.1,0
67499df1a88c9300588bb211,2024-11-29T10:56:48.890Z,-0.7,0.5,-0.1,-4.7,1.4,12.6,0
67499df1a88c9300588bb212,2024-11-29T10:56:48.907Z,-0.3,0.3,-0.3,-8.7,-0.1,14.7,0
67499df1a88c9300588bb213,2024-11-29T10:56:48.924Z,0.2,0.1,0.1,-10.9,-3.2,13,0
67499df1a88c9300588bb214,2024-11-29T10:56:48.940Z,0.2,0.2,0.6,-8.7,-7.1,9.5,0
67499df1a88c9300588bb215,2024-11-29T10:56:48.957Z,-0.3,0.4,0.9,-3.6,-9.1,9.5,0
67499df1a88c9300588bb216,2024-11-29T10:56:48.974Z,-0.4,0.4,0.9,0.6,-4.3,11.9,0
67499df1a88c9300588bb217,2024-11-29T10:56:48.990Z,-0.1,0.2,0.7,6.4,7.3,14.7,0
67499df1a88c9300588bb218,2024-11-29T10:56:49.007Z,-0.1,0.1,0.3,5.5,7.6,15.9,0
67499df1a88c9300588bb219,2024-11-29T10:56:49.024Z,0.2,0,0,2.4,2,14.8,0
67499df1a88c9300588bb21a,2024-11-29T10:56:49.040Z,0.6,-0.2,0.3,2.1,-2.5,10.3,0
67499df1a88c9300588bb21b,2024-11-29T10:56:49.057Z,0.7,-0.2,0.5,4.1,-2.9,6.3,0
67499df1a88c9300588bb21c,2024-11-29T10:56:49.073Z,0.5,-0.2,0.2,5.8,-1.9,3.9,0
67499df1a88c9300588bb21d,2024-11-29T10:56:49.090Z,0.5,-0.3,0.1,6,-0.5,2.3,0
67499df1a88c9300588bb21e,2024-11-29T10:56:49.107Z,0.5,-0.3,0,5.4,-0.6,2.1,0
67499df1a88c9300588bb21f,2024-11-29T10:56:49.124Z,0.5,-0.2,-0.4,2.2,-0.8,2.4,0
67499df1a88c9300588bb220,2024-11-29T10:56:49.140Z,0.4,-0.1,-0.4,-2.6,-2.2,2.8,0
67499df1a88c9300588bb221,2024-11-29T10:56:49.157Z,0.3,0,-0.3,-5.8,-6.5,1.9,0
67499df1a88c9300588bb222,2024-11-29T10:56:49.174Z,0.2,0,-0.3,-9.3,-13.9,0.5,0
67499df1a88c9300588bb223,2024-11-29T10:56:49.190Z,-0.2,0.1,-0.4,-14.7,-16,-0.8,0
67499df1a88c9300588bb224,2024-11-29T10:56:49.207Z,0,0,-0.2,-14.7,-6.4,-1.5,0
67499df1a88c9300588bb225,2024-11-29T10:56:49.224Z,-0.2,0.1,0.1,-10.9,0.8,-1.1,0
67499df1a88c9300588bb226,2024-11-29T10:56:49.240Z,-0.4,0,0.5,-5.8,-1.8,0.6,0
67499df1a88c9300588bb227,2024-11-29T10:56:49.257Z,-0.4,0.2,0.1,-4.2,-7.9,2.8,0
67499df1a88c9300588bb228,2024-11-29T10:56:49.273Z,0,0.2,0.1,-6.9,-11.3,4.3,0
67499df1a88c9300588bb229,2024-11-29T10:56:49.290Z,0,0.3,0.3,-8.7,-10.7,3.8,0
67499df1a88c9300588bb22a,2024-11-29T10:56:49.307Z,-0.3,0.3,0.5,-8.5,-10,3.9,0
67499df1a88c9300588bb22b,2024-11-29T10:56:49.324Z,-0.8,0.4,0.5,-7.9,-10.9,6,0
67499df1a88c9300588bb22c,2024-11-29T10:56:49.340Z,-0.8,0.6,0.2,-5,-8.7,8.9,0
67499df1a88c9300588bb22d,2024-11-29T10:56:49.357Z,0,0.2,0.4,-0.7,-1.3,9.9,0
67499df1a88c9300588bb22e,2024-11-29T10:56:49.373Z,0.3,0.1,0.2,4,3.6,6.6,0
67499df1a88c9300588bb22f,2024-11-29T10:56:49.390Z,0.3,0,-0.1,5,7.2,2.4,0
67499df1a88c9300588bb230,2024-11-29T10:56:49.407Z,0.2,-0.1,-0.1,2.6,3.9,2.2,0
67499df1a88c9300588bb231,2024-11-29T10:56:49.423Z,0.2,-0.1,0,0.7,-0.2,3.7,0
67499df1a88c9300588bb232,2024-11-29T10:56:49.440Z,0.4,-0.2,-0.1,-0.6,0.2,3.7,0
67499df1a88c9300588bb233,2024-11-29T10:56:49.457Z,0.6,-0.2,-0.1,0,0.9,2.7,0
67499df1a88c9300588bb234,2024-11-29T10:56:49.474Z,0.6,-0.2,0.1,2,-0.1,0.4,0
67499df1a88c9300588bb235,2024-11-29T10:56:49.490Z,0.3,0.1,0,2.2,0.4,-0.9,0
67499df1a88c9300588bb236,2024-11-29T10:56:49.507Z,0,0.2,0.1,2.9,1.6,-1,0
67499df1a88c9300588bb237,2024-11-29T10:56:49.524Z,-0.1,0.2,0.1,2.9,2.8,-1.9,0
67499df1a88c9300588bb238,2024-11-29T10:56:49.540Z,-0.2,0.1,-0.1,1.7,5,-2.3,0
67499df1a88c9300588bb239,2024-11-29T10:56:49.557Z,-0.1,0,0,2.4,5,-1.7,0
67499df1a88c9300588bb23a,2024-11-29T10:56:49.574Z,-0.1,0,0,2,3.5,-0.3,0
67499df1a88c9300588bb23b,2024-11-29T10:56:49.590Z,-0.1,0.2,-0.2,1.5,1.7,3.3,0
67499df1a88c9300588bb23c,2024-11-29T10:56:49.607Z,0.1,0.2,0,-0.2,2.6,3.6,0
67499df6a88c9300588bb23e,2024-11-29T10:56:53.790Z,0,0.1,0.1,-2.4,0.9,0.6,0
67499df6a88c9300588bb23f,2024-11-29T10:56:53.807Z,0,0.1,0.2,-1.9,1.6,1,0
67499df6a88c9300588bb240,2024-11-29T10:56:53.824Z,0,0.1,0.2,-1.5,1.5,1.3,0
67499df6a88c9300588bb241,2024-11-29T10:56:53.840Z,0,0.1,0.3,-1.6,0.8,1.4,0
67499df6a88c9300588bb242,2024-11-29T10:56:53.857Z,0.1,0.1,0.3,-1,0.2,0.9,0
67499df6a88c9300588bb243,2024-11-29T10:56:53.874Z,0.1,0.1,0.4,-0.5,-0.3,0,0
67499df6a88c9300588bb244,2024-11-29T10:56:53.890Z,0,0.1,0.4,0.7,-0.8,-0.5,0
67499df6a88c9300588bb245,2024-11-29T10:56:53.907Z,0,0.2,0.3,1.5,-0.8,-0.2,0
67499df6a88c9300588bb246,2024-11-29T10:56:53.924Z,0,0.2,0.3,2,-1,0.1,0
67499df6a88c9300588bb247,2024-11-29T10:56:53.940Z,0,0.2,0.2,2.1,-1.3,0.5,0
67499df6a88c9300588bb248,2024-11-29T10:56:53.957Z,0,0.1,0.1,1.5,-1.5,0.5,0
67499df6a88c9300588bb249,2024-11-29T10:56:53.974Z,-0.1,0.1,0,1.6,-1.6,0.7,0
67499df6a88c9300588bb24a,2024-11-29T10:56:53.990Z,-0.1,0.1,0,1.3,-1.4,1.1,0
67499df6a88c9300588bb24b,2024-11-29T10:56:54.007Z,0,0.1,-0.1,0.6,-0.6,0.5,0
67499df6a88c9300588bb24c,2024-11-29T10:56:54.024Z,0,0.1,0,0,-0.7,0.3,0
67499df6a88c9300588bb24d,2024-11-29T10:56:54.040Z,-0.1,0.2,0,-0.5,-0.8,0.6,0
67499df6a88c9300588bb24e,2024-11-29T10:56:54.057Z,-0.1,0.2,0,-0.6,-0.9,1.4,0
67499df6a88c9300588bb24f,2024-11-29T10:56:54.074Z,0,0.1,0.1,-0.3,-0.9,1.9,0
67499df6a88c9300588bb250,2024-11-29T10:56:54.090Z,0.1,0,0,0.7,0.1,1.2,0
67499df6a88c9300588bb251,2024-11-29T10:56:54.107Z,0.1,0.1,0,0.1,0.7,0.5,0
67499df6a88c9300588bb252,2024-11-29T10:56:54.124Z,0.1,0.1,0,0.2,0.1,0.1,0
67499df6a88c9300588bb253,2024-11-29T10:56:54.140Z,0,0.1,0,-0.8,-0.8,-0.2,0
67499df6a88c9300588bb254,2024-11-29T10:56:54.157Z,-0.1,0.2,0.1,-1.1,-0.9,0.3,0
67499df6a88c9300588bb255,2024-11-29T10:56:54.174Z,-0.1,0.2,0.2,-0.5,-0.5,1,0
67499df6a88c9300588bb256,2024-11-29T10:56:54.190Z,0,0.2,0.2,0.1,-0.1,1.3,0
67499df6a88c9300588bb257,2024-11-29T10:56:54.207Z,0,0.1,0.1,0.6,-0.1,1.2,0
67499df6a88c9300588bb258,2024-11-29T10:56:54.224Z,0,0.1,0.1,0.4,0.3,1.5,0
67499df6a88c9300588bb259,2024-11-29T10:56:54.240Z,0,0.1,0.1,0.3,0.2,1.8,0
67499df6a88c9300588bb25a,2024-11-29T10:56:54.257Z,0,0.1,0.1,0.3,0.1,1.6,0
67499df6a88c9300588bb25b,2024-11-29T10:56:54.274Z,0,0.2,0.1,0.6,0.1,1.3,0
67499df6a88c9300588bb25c,2024-11-29T10:56:54.290Z,-0.1,0.1,0.1,0.7,0.6,2.2,0
67499df6a88c9300588bb25d,2024-11-29T10:56:54.307Z,0,0.1,0,0.5,0.5,2.6,0
67499df6a88c9300588bb25e,2024-11-29T10:56:54.324Z,0.2,0,0,0.4,0.5,2,0
67499df6a88c9300588bb25f,2024-11-29T10:56:54.340Z,0.3,0,-0.1,-0.2,1.2,0.3,0
67499df6a88c9300588bb260,2024-11-29T10:56:54.357Z,0.2,0,0,-0.1,1.3,-0.9,0
67499df6a88c9300588bb261,2024-11-29T10:56:54.374Z,-0.1,0.1,0.1,-0.2,0.8,-0.5,0
67499df6a88c9300588bb262,2024-11-29T10:56:54.390Z,-0.1,0.1,0,0,1,0.9,0
67499df6a88c9300588bb263,2024-11-29T10:56:54.407Z,0.1,0,-0.1,-0.8,1.4,1.2,0
67499df6a88c9300588bb264,2024-11-29T10:56:54.424Z,0.1,0,0,-1.5,1.5,0.4,0
67499df6a88c9300588bb265,2024-11-29T10:56:54.440Z,0,0.1,0.1,-1.8,1.4,-0.4,0
67499df6a88c9300588bb266,2024-11-29T10:56:54.457Z,0,0.1,0.2,-1.3,0.9,-0.2,0
67499df6a88c9300588bb267,2024-11-29T10:56:54.474Z,0,0.1,0.1,-1.8,0.8,-0.2,0
67499df6a88c9300588bb268,2024-11-29T10:56:54.490Z,0,0.2,0.3,-2,0.4,-0.4,0
67499df6a88c9300588bb269,2024-11-29T10:56:54.507Z,0,0.2,0.4,-0.8,-1.1,-0.3,0
67499df6a88c9300588bb26a,2024-11-29T10:56:54.524Z,-0.1,0.2,0.3,-0.3,-1.7,-0.4,0
67499df6a88c9300588bb26b,2024-11-29T10:56:54.540Z,-0.1,0.2,0.2,1.4,-1.1,0.2,0
67499df6a88c9300588bb26c,2024-11-29T10:56:54.557Z,-0.1,0.1,0.1,2,-0.6,1.3,0
67499df6a88c9300588bb26d,2024-11-29T10:56:54.574Z,0,0.1,0,1.3,-0.7,1.6,0
67499df6a88c9300588bb26e,2024-11-29T10:56:54.591Z,0,0.1,0,-0.1,-1,0.9,0
67499df6a88c9300588bb26f,2024-11-29T10:56:54.607Z,0,0.1,0,-0.5,-1,0.7,0
