_id,timestamp,acceleration.x,acceleration.y,acceleration.z,rotationRate.alpha,rotationRate.beta,rotationRate.gamma,__v
67499853a88c9300588b98be,2024-11-29T10:32:51.022Z,0,-0.1,-0.1,-1,0.30000000000000004,-1.9,0
67499853a88c9300588b98bf,2024-11-29T10:32:51.039Z,0,0,-0.1,-1,-0.4,-1.8000000000000003,0
67499853a88c9300588b98c0,2024-11-29T10:32:51.055Z,-0.2,-0.1,-0.1,-0.9000000000000001,0,-0.6000000000000001,0
67499853a88c9300588b98c1,2024-11-29T10:32:51.072Z,-0.1,0,0,-1.3,1,0.6000000000000001,0
67499853a88c9300588b98c2,2024-11-29T10:32:51.088Z,0,0,-0.1,-2.2,0.6000000000000001,1.1,0
67499853a88c9300588b98c3,2024-11-29T10:32:51.105Z,0,-0.1,-0.1,-2.9,-1,1,0
67499853a88c9300588b98c4,2024-11-29T10:32:51.122Z,0,-0.1,0.1,-2.6,-1.4,0.8,0
67499853a88c9300588b98c5,2024-11-29T10:32:51.139Z,0,-0.1,0.1,-0.30000000000000004,-0.8,0.8,0
67499853a88c9300588b98c6,2024-11-29T10:32:51.155Z,0,-0.1,0.1,1.4,1.1,0.30000000000000004,0
67499853a88c9300588b98c7,2024-11-29T10:32:51.172Z,0,0,0.1,1.7,1.1,0.30000000000000004,0
67499853a88c9300588b98c8,2024-11-29T10:32:51.188Z,0,0,0,0.6000000000000001,-0.6000000000000001,0.30000000000000004,0
67499853a88c9300588b98c9,2024-11-29T10:32:51.205Z,0,-0.1,0,0.4,-1.6,-0.1,0
67499853a88c9300588b98ca,2024-11-29T10:32:51.222Z,0.1,-0.1,0,0.8,-0.9000000000000001,-1,0
67499853a88c9300588b98cb,2024-11-29T10:32:51.238Z,0,0,0,1.3,0.30000000000000004,-0.8,0
67499853a88c9300588b98cc,2024-11-29T10:32:51.255Z,0,-0.1,-0.1,0.8,1.8000000000000003,-0.5,0
67499853a88c9300588b98cd,2024-11-29T10:32:51.272Z,-0.1,-0.1,0,1.8000000000000003,-0.5,0.1,0
67499853a88c9300588b98ce,2024-11-29T10:32:51.288Z,-0.1,-0.1,0,2.4000000000000004,-1,0.30000000000000004,0
67499853a88c9300588b98cf,2024-11-29T10:32:51.305Z,0,0,0,2.6,0.30000000000000004,0,0
67499853a88c9300588b98d0,2024-11-29T10:32:51.322Z,0.1,0,-0.1,1.7,1,-1.3,0
67499853a88c9300588b98d1,2024-11-29T10:32:51.338Z,0.1,-0.1,-0.2,0,0.8,-2.3,0
67499853a88c9300588b98d2,2024-11-29T10:32:51.355Z,0,-0.1,-0.2,-2,0.6000000000000001,-2.3,0
67499853a88c9300588b98d3,2024-11-29T10:32:51.372Z,0,-0.1,-0.2,-3.6000000000000005,-0.30000000000000004,-1.6,0
67499853a88c9300588b98d4,2024-11-29T10:32:51.388Z,0,0,-0.1,-4.7,-0.6000000000000001,-2,0
67499853a88c9300588b98d5,2024-11-29T10:32:51.405Z,0.1,0,-0.1,-5.300000000000001,-0.1,-2.7,0
67499853a88c9300588b98d6,2024-11-29T10:32:51.422Z,0,-0.1,-0.1,-5.7,1.3,-2.7,0
67499853a88c9300588b98d7,2024-11-29T10:32:51.439Z,-0.2,0,0.1,-4.5,3.3000000000000007,-0.9000000000000001,0
67499853a88c9300588b98d8,2024-11-29T10:32:51.455Z,-0.30000000000000004,0,0.2,-2.4000000000000004,2.9,1.9,0
67499853a88c9300588b98d9,2024-11-29T10:32:51.472Z,-0.1,0,0.2,-0.5,0.8,3.3000000000000007,0
67499853a88c9300588b98da,2024-11-29T10:32:51.489Z,0,-0.1,0.2,1,-1.5,3.1,0
67499853a88c9300588b98db,2024-11-29T10:32:51.505Z,0,-0.1,0.2,2.4000000000000004,-2.5,2.8,0
67499853a88c9300588b98dc,2024-11-29T10:32:51.522Z,0.1,-0.1,0.1,3.4,-1.3,2.7,0
67499853a88c9300588b98dd,2024-11-29T10:32:51.538Z,0.2,-0.1,0,4.1,0,2.2,0
67499853a88c9300588b98de,2024-11-29T10:32:51.555Z,0.2,-0.1,-0.1,3.6000000000000005,-0.4,1.2000000000000002,0
67499853a88c9300588b98df,2024-11-29T10:32:51.572Z,0.2,-0.1,-0.2,1.3,-1.4,-2.4000000000000004,0
67499853a88c9300588b98e0,2024-11-29T10:32:51.588Z,0.2,-0.1,-0.2,0.8,0.2,-3.9,0
67499853a88c9300588b98e1,2024-11-29T10:32:51.605Z,0.1,0,-0.2,0.30000000000000004,2,-4.300000000000001,0
67499853a88c9300588b98e2,2024-11-29T10:32:51.622Z,0,0,-0.2,-1.4,2.9,-3.9,0
67499853a88c9300588b98e3,2024-11-29T10:32:51.638Z,-0.2,0,-0.2,-3.2,2.5,-2.4000000000000004,0
67499853a88c9300588b98e4,2024-11-29T10:32:51.655Z,-0.2,0,-0.2,-4.6,1.5,-1,0
67499853a88c9300588b98e5,2024-11-29T10:32:51.672Z,-0.30000000000000004,0,0,-3.3000000000000007,-1.4,1,0
67499853a88c9300588b98e6,2024-11-29T10:32:51.689Z,-0.2,-0.1,0.1,-1,-2,2.7,0
67499853a88c9300588b98e7,2024-11-29T10:32:51.705Z,-0.1,-0.1,0.1,0.6000000000000001,-0.8,3.2,0
67499853a88c9300588b98e8,2024-11-29T10:32:51.722Z,0.1,0,0.1,0.7,0.2,2.3,0
67499853a88c9300588b98e9,2024-11-29T10:32:51.739Z,0.2,0,0,-0.6000000000000001,0.5,0.7,0
67499853a88c9300588b98ea,2024-11-29T10:32:51.755Z,0.2,-0.1,-0.1,-2,0.30000000000000004,-0.5,0
67499853a88c9300588b98eb,2024-11-29T10:32:51.772Z,0.1,-0.1,-0.1,-3,0.1,-1.3,0
67499853a88c9300588b98ec,2024-11-29T10:32:51.789Z,0.1,-0.1,0,-2.9,0.5,-2,0
67499853a88c9300588b98ed,2024-11-29T10:32:51.805Z,0.1,0,0,-2.2,1.6,-3.2,0
67499853a88c9300588b98ee,2024-11-29T10:32:51.822Z,-0.1,0,0.1,-0.6000000000000001,1.3,-2.7,0
67499853a88c9300588b98ef,2024-11-29T10:32:51.838Z,-0.2,0,0.1,0.8,0.6000000000000001,-0.6000000000000001,0
67499858a88c9300588b98f1,2024-11-29T10:32:56.021Z,-0.1,-0.1,0,-0.1,0.7,0.6000000000000001,0
67499858a88c9300588b98f2,2024-11-29T10:32:56.038Z,0,0,0,-0.30000000000000004,0.8,0.4,0
67499858a88c9300588b98f3,2024-11-29T10:32:56.055Z,0,-0.1,-0.1,-1,0.30000000000000004,0.30000000000000004,0
67499858a88c9300588b98f4,2024-11-29T10:32:56.072Z,0,-0.1,0,-1,-0.1,-0.1,0
67499858a88c9300588b98f5,2024-11-29T10:32:56.088Z,0.1,-0.1,0,-0.8,-0.1,-0.8,0
67499858a88c9300588b98f6,2024-11-29T10:32:56.105Z,0.1,-0.1,0,-0.4,0.7,-1.1,0
67499858a88c9300588b98f7,2024-11-29T10:32:56.122Z,0,-0.1,0,0.30000000000000004,0.7,-1.1,0
67499858a88c9300588b98f8,2024-11-29T10:32:56.138Z,0,0,0,0.4,0.9000000000000001,-0.9000000000000001,0
67499858a88c9300588b98f9,2024-11-29T10:32:56.155Z,-0.1,0,0,0,1,-0.30000000000000004,0
67499858a88c9300588b98fa,2024-11-29T10:32:56.172Z,-0.1,0,0,-0.4,0.8,-0.1,0
67499858a88c9300588b98fb,2024-11-29T10:32:56.188Z,-0.1,0,0,-0.30000000000000004,-0.30000000000000004,0.5,0
67499858a88c9300588b98fc,2024-11-29T10:32:56.205Z,-0.1,0,0,0.1,0.1,0.6000000000000001,0
67499858a88c9300588b98fd,2024-11-29T10:32:56.222Z,0,0,0,0,0.7,0.30000000000000004,0
67499858a88c9300588b98fe,2024-11-29T10:32:56.238Z,0,0,0,0.30000000000000004,0.6000000000000001,0.30000000000000004,0
67499858a88c9300588b98ff,2024-11-29T10:32:56.255Z,0,-0.1,0,0.1,0.6000000000000001,0.5,0
67499858a88c9300588b9900,2024-11-29T10:32:56.271Z,0,-0.1,0,-0.1,0.1,0.8,0
67499858a88c9300588b9901,2024-11-29T10:32:56.288Z,0,-0.1,0,-0.30000000000000004,-0.30000000000000004,0.8,0
67499858a88c9300588b9902,2024-11-29T10:32:56.305Z,0,-0.1,0,-0.4,-0.30000000000000004,0.30000000000000004,0
67499858a88c9300588b9903,2024-11-29T10:32:56.322Z,0,-0.1,0,-0.6000000000000001,0.4,-0.1,0
67499858a88c9300588b9904,2024-11-29T10:32:56.338Z,0,-0.1,0,0.2,0.1,-0.1,0
67499858a88c9300588b9905,2024-11-29T10:32:56.355Z,0,-0.1,0,0.8,-0.2,-0.2,0
67499858a88c9300588b9906,2024-11-29T10:32:56.372Z,0.1,-0.1,-0.1,0.6000000000000001,-0.2,-0.6000000000000001,0
67499858a88c9300588b9907,2024-11-29T10:32:56.388Z,0.1,0,0,-0.30000000000000004,0.2,-1.8000000000000003,0
67499858a88c9300588b9908,2024-11-29T10:32:56.405Z,0,0,0,0.30000000000000004,0.6000000000000001,-1.6,0
67499858a88c9300588b9909,2024-11-29T10:32:56.422Z,-0.1,-0.1,0.1,0.9000000000000001,1.1,-0.9000000000000001,0
67499858a88c9300588b990a,2024-11-29T10:32:56.438Z,-0.1,-0.1,0,0.8,1,-0.4,0
67499858a88c9300588b990b,2024-11-29T10:32:56.455Z,-0.1,0,0,0.6000000000000001,0.2,0.1,0
67499858a88c9300588b990c,2024-11-29T10:32:56.472Z,-0.1,0,0,0.8,-0.8,0.5,0
67499858a88c9300588b990d,2024-11-29T10:32:56.488Z,-0.1,0,0,0.6000000000000001,-0.9000000000000001,0.8,0
67499858a88c9300588b990e,2024-11-29T10:32:56.505Z,-0.1,-0.1,-0.1,0.30000000000000004,-0.6000000000000001,1.1,0
67499858a88c9300588b990f,2024-11-29T10:32:56.522Z,0,-0.1,-0.1,0,-0.6000000000000001,0.8,0
67499858a88c9300588b9910,2024-11-29T10:32:56.538Z,0.1,-0.1,0,0.7,-1.1,0.5,0
67499858a88c9300588b9911,2024-11-29T10:32:56.555Z,0.1,-0.1,0,1.6,-0.7,0.30000000000000004,0
67499858a88c9300588b9912,2024-11-29T10:32:56.571Z,0.1,-0.1,0,2,0.30000000000000004,-0.30000000000000004,0
67499858a88c9300588b9913,2024-11-29T10:32:56.588Z,0.1,0,-0.1,1.4,1.4,-1.2000000000000002,0
67499858a88c9300588b9914,2024-11-29T10:32:56.605Z,0.1,-0.1,-0.1,0.1,1.7,-1.3,0
67499858a88c9300588b9915,2024-11-29T10:32:56.622Z,0,-0.1,-0.1,-0.5,0.9000000000000001,-0.9000000000000001,0
67499858a88c9300588b9916,2024-11-29T10:32:56.638Z,-0.1,0,0,-0.1,0,-0.8,0
67499858a88c9300588b9917,2024-11-29T10:32:56.655Z,-0.1,0,0,0.5,-0.30000000000000004,-0.7,0
67499858a88c9300588b9918,2024-11-29T10:32:56.672Z,-0.1,0,0,1,0.7,-0.4,0
67499858a88c9300588b9919,2024-11-29T10:32:56.688Z,-0.1,0,0,0.7,1.6,0.1,0
67499858a88c9300588b991a,2024-11-29T10:32:56.705Z,-0.1,-0.1,0,0.6000000000000001,0.8,1.1,0
67499858a88c9300588b991b,2024-11-29T10:32:56.722Z,0,-0.1,0,0.6000000000000001,-0.4,1.8000000000000003,0
67499858a88c9300588b991c,2024-11-29T10:32:56.739Z,0.1,0,0.1,0.5,-0.30000000000000004,1.5,0
67499858a88c9300588b991d,2024-11-29T10:32:56.755Z,0.1,0,0.1,1.2000000000000002,0.8,0.5,0
67499858a88c9300588b991e,2024-11-29T10:32:56.771Z,0,-0.1,0.1,2,1.4,-0.4,0
67499858a88c9300588b991f,2024-11-29T10:32:56.788Z,0,-0.1,0,3.1,0.5,0.2,0
67499858a88c9300588b9920,2024-11-29T10:32:56.805Z,0,-0.1,0,3.5,-0.30000000000000004,0.1,0
67499858a88c9300588b9921,2024-11-29T10:32:56.822Z,0,-0.1,0,3.6000000000000005,-0.8,-0.7,0
67499858a88c9300588b9922,2024-11-29T10:32:56.838Z,0,0,-0.1,3.3000000000000007,-0.8,-1.2000000000000002,0
6749985da88c9300588b9924,2024-11-29T10:33:01.021Z,0,-0.1,-0.1,1.4,0,-0.4,0
6749985da88c9300588b9925,2024-11-29T10:33:01.038Z,0,-0.1,-0.1,1.3,-0.4,-0.1,0
6749985da88c9300588b9926,2024-11-29T10:33:01.055Z,-0.1,0,-0.1,1,-0.6000000000000001,0.5,0
6749985da88c9300588b9927,2024-11-29T10:33:01.071Z,0,0,-0.1,0.1,0.6000000000000001,0.9000000000000001,0
6749985da88c9300588b9928,2024-11-29T10:33:01.088Z,0,0,-0.1,-1,1,0.6000000000000001,0
6749985da88c9300588b9929,2024-11-29T10:33:01.105Z,0,-0.1,0,-1.3,0.1,0.1,0
6749985da88c9300588b992a,2024-11-29T10:33:01.121Z,-0.1,-0.1,0.1,-1.1,0,0.30000000000000004,0
6749985da88c9300588b992b,2024-11-29T10:33:01.138Z,-0.1,-0.1,0.1,0.1,-0.6000000000000001,1.3,0
6749985da88c9300588b992c,2024-11-29T10:33:01.155Z,0,0,0.1,0.4,-0.6000000000000001,1.4,0
6749985da88c9300588b992d,2024-11-29T10:33:01.171Z,0,0,0.1,0.6000000000000001,-1.1,1.1,0
6749985da88c9300588b992e,2024-11-29T10:33:01.188Z,0,-0.1,0.1,1.9,-0.7,1.1,0
6749985da88c9300588b992f,2024-11-29T10:33:01.205Z,0,-0.1,0,2.2,-0.4,0.8,0
6749985da88c9300588b9930,2024-11-29T10:33:01.221Z,0.1,-0.1,-0.1,1.8000000000000003,-0.7,-0.2,0
6749985da88c9300588b9931,2024-11-29T10:33:01.238Z,0.1,-0.1,-0.1,1.2000000000000002,0.5,-1.2000000000000002,0
6749985da88c9300588b9932,2024-11-29T10:33:01.255Z,0,0,-0.1,1,1.5,-0.4,0
6749985da88c9300588b9933,2024-11-29T10:33:01.271Z,-0.1,-0.1,-0.1,0.4,1.1,0.30000000000000004,0
6749985da88c9300588b9934,2024-11-29T10:33:01.288Z,-0.1,0,-0.1,-0.4,-0.8,0.5,0
6749985da88c9300588b9935,2024-11-29T10:33:01.305Z,0,0,-0.1,-1,-1.1,0.4,0
6749985da88c9300588b9936,2024-11-29T10:33:01.321Z,0,0,-0.1,-1,-0.4,0.4,0
6749985da88c9300588b9937,2024-11-29T10:33:01.338Z,0,-0.1,0,-1.1,0.8,0.2,0
6749985da88c9300588b9938,2024-11-29T10:33:01.355Z,0,0,-0.1,-1.6,1.1,0.1,0
6749985da88c9300588b9939,2024-11-29T10:33:01.371Z,0,-0.1,-0.1,-2,0.1,0.1,0
6749985da88c9300588b993a,2024-11-29T10:33:01.388Z,0,-0.1,0,-1.5,-0.30000000000000004,-0.1,0
6749985da88c9300588b993b,2024-11-29T10:33:01.405Z,0,-0.1,0,-0.1,-0.1,-0.4,0
6749985da88c9300588b993c,2024-11-29T10:33:01.421Z,0,-0.1,0.1,0.30000000000000004,1,-0.30000000000000004,0
6749985da88c9300588b993d,2024-11-29T10:33:01.438Z,0,0,0,0.30000000000000004,0.5,-0.5,0
6749985da88c9300588b993e,2024-11-29T10:33:01.455Z,0,0,0,-0.1,-0.1,-0.30000000000000004,0
6749985da88c9300588b993f,2024-11-29T10:33:01.471Z,0,-0.1,0,-0.30000000000000004,-0.30000000000000004,-0.2,0
6749985da88c9300588b9940,2024-11-29T10:33:01.488Z,0,0,0,-0.30000000000000004,-0.30000000000000004,-0.2,0
6749985da88c9300588b9941,2024-11-29T10:33:01.505Z,0,0,0,-0.7,-0.1,-0.30000000000000004,0
6749985da88c9300588b9942,2024-11-29T10:33:01.521Z,0,-0.1,0,-0.7,0.2,-0.2,0
6749985da88c9300588b9943,2024-11-29T10:33:01.538Z,-0.1,0,0,0.1,-0.1,0.2,0
6749985da88c9300588b9944,2024-11-29T10:33:01.555Z,0,-0.1,0,0.4,0,0.5,0
6749985da88c9300588b9945,2024-11-29T10:33:01.571Z,0,0,0,0.5,0,0.5,0
6749985da88c9300588b9946,2024-11-29T10:33:01.588Z,0,0,0,0.30000000000000004,-0.1,0.30000000000000004,0
6749985da88c9300588b9947,2024-11-29T10:33:01.605Z,0,-0.1,0,0.6000000000000001,-0.1,1,0
6749985da88c9300588b9948,2024-11-29T10:33:01.621Z,0,-0.1,0.1,0.8,-0.2,1,0
6749985da88c9300588b9949,2024-11-29T10:33:01.638Z,0.1,-0.1,0,0.9000000000000001,-0.7,0.5,0
6749985da88c9300588b994a,2024-11-29T10:33:01.655Z,0.1,-0.1,0,0.7,-0.6000000000000001,0,0
6749985da88c9300588b994b,2024-11-29T10:33:01.672Z,0.1,-0.1,0,0.30000000000000004,0,-0.6000000000000001,0
6749985da88c9300588b994c,2024-11-29T10:33:01.688Z,0.1,-0.1,-0.1,0,0.1,-1.3,0
6749985da88c9300588b994d,2024-11-29T10:33:01.705Z,0,-0.1,-0.1,-0.1,-0.7,-1.1,0
6749985da88c9300588b994e,2024-11-29T10:33:01.721Z,0,-0.1,-0.1,-0.30000000000000004,-0.5,-0.4,0
6749985da88c9300588b994f,2024-11-29T10:33:01.738Z,0,-0.1,-0.1,-0.8,0.6000000000000001,-0.30000000000000004,0
6749985da88c9300588b9950,2024-11-29T10:33:01.755Z,0,0,-0.1,-1.7,1,-0.5,0
6749985da88c9300588b9951,2024-11-29T10:33:01.771Z,-0.1,0,-0.1,-2.3,0.4,-0.1,0
6749985da88c9300588b9952,2024-11-29T10:33:01.788Z,-0.1,0,-0.1,-2.7,-0.4,0.6000000000000001,0
6749985da88c9300588b9953,2024-11-29T10:33:01.805Z,-0.1,-0.1,0,-2.1,-0.30000000000000004,0.9000000000000001,0
6749985da88c9300588b9954,2024-11-29T10:33:01.821Z,0,0,0.2,-0.4,0.1,1.1,0
6749985da88c9300588b9955,2024-11-29T10:33:01.838Z,0,-0.1,0.2,1.6,0.6000000000000001,1.5,0
67499862a88c9300588b9957,2024-11-29T10:33:06.021Z,0.1,-0.1,-0.1,-1.3,-0.30000000000000004,-0.30000000000000004,0
67499862a88c9300588b9958,2024-11-29T10:33:06.038Z,0.1,-0.1,-0.1,-1.5,0.8,-0.8,0
67499862a88c9300588b9959,2024-11-29T10:33:06.054Z,0,-0.1,0,-1.1,1.1,-0.1,0
67499862a88c9300588b995a,2024-11-29T10:33:06.071Z,-0.1,-0.1,0,-0.2,-0.1,1.3,0
67499862a88c9300588b995b,2024-11-29T10:33:06.088Z,-0.1,-0.1,0.1,0.4,-1.4,1.8000000000000003,0
67499862a88c9300588b995c,2024-11-29T10:33:06.104Z,0,0,0,1,-2,1.3,0
67499862a88c9300588b995d,2024-11-29T10:33:06.121Z,0,0,0,0.6000000000000001,-1,0.8,0
67499862a88c9300588b995e,2024-11-29T10:33:06.138Z,0.1,-0.1,0,0,0.6000000000000001,0.30000000000000004,0
67499862a88c9300588b995f,2024-11-29T10:33:06.155Z,0,-0.1,0,-0.30000000000000004,0.1,0.6000000000000001,0
67499862a88c9300588b9960,2024-11-29T10:33:06.171Z,0,-0.1,-0.1,-0.6000000000000001,-0.5,0.8,0
67499862a88c9300588b9961,2024-11-29T10:33:06.188Z,0,-0.1,0,-0.6000000000000001,-1.4,0.9000000000000001,0
67499862a88c9300588b9962,2024-11-29T10:33:06.205Z,0,0,0,-0.8,-0.6000000000000001,0.30000000000000004,0
67499862a88c9300588b9963,2024-11-29T10:33:06.221Z,0.1,0,0,-0.9000000000000001,0.30000000000000004,-0.1,0
67499862a88c9300588b9964,2024-11-29T10:33:06.238Z,0,0,0,-0.2,-0.30000000000000004,-0.1,0
67499862a88c9300588b9965,2024-11-29T10:33:06.254Z,0,-0.1,0,0.2,-0.2,0,0
67499862a88c9300588b9966,2024-11-29T10:33:06.271Z,0,-0.1,0,0.6000000000000001,0.30000000000000004,0.1,0
67499862a88c9300588b9967,2024-11-29T10:33:06.288Z,0,0,0,0.5,0.7,0.4,0
67499862a88c9300588b9968,2024-11-29T10:33:06.305Z,0,-0.1,-0.1,-0.2,0.7,0.8,0
67499862a88c9300588b9969,2024-11-29T10:33:06.321Z,0,-0.1,0,-0.2,-0.8,0.30000000000000004,0
67499862a88c9300588b996a,2024-11-29T10:33:06.338Z,0.1,-0.1,0,0,-0.8,-0.1,0
67499862a88c9300588b996b,2024-11-29T10:33:06.354Z,0,-0.1,0,0.6000000000000001,0,-0.30000000000000004,0
67499862a88c9300588b996c,2024-11-29T10:33:06.371Z,0,-0.1,-0.1,0.30000000000000004,1,-0.4,0
67499862a88c9300588b996d,2024-11-29T10:33:06.388Z,0,-0.1,-0.1,-0.8,1.2000000000000002,-0.30000000000000004,0
67499862a88c9300588b996e,2024-11-29T10:33:06.404Z,0,-0.1,-0.1,-1.3,-0.1,-0.8,0
67499862a88c9300588b996f,2024-11-29T10:33:06.421Z,0,-0.1,0,-0.4,0.6000000000000001,-1,0
67499862a88c9300588b9970,2024-11-29T10:33:06.438Z,0,0,0,-0.7,2,-1.2000000000000002,0
67499862a88c9300588b9971,2024-11-29T10:33:06.455Z,0,-0.1,0,-0.9000000000000001,3.1,-1.3,0
67499862a88c9300588b9972,2024-11-29T10:33:06.471Z,0,-0.1,0,-1.4,1.5,-1,0
67499862a88c9300588b9973,2024-11-29T10:33:06.488Z,0,0,0,-0.5,-1.3,-2,0
67499862a88c9300588b9974,2024-11-29T10:33:06.504Z,0,-0.1,0,0,-2.3,-2,0
67499862a88c9300588b9975,2024-11-29T10:33:06.521Z,0,-0.1,-0.1,-0.6000000000000001,-1.3,-1.9,0
67499862a88c9300588b9976,2024-11-29T10:33:06.538Z,-0.1,0,0,-0.1,0.2,-1,0
67499862a88c9300588b9977,2024-11-29T10:33:06.554Z,-0.1,-0.1,0.1,0.5,1.3,0.5,0
67499862a88c9300588b9978,2024-11-29T10:33:06.571Z,0,0,0,0.4,0.7,-0.1,0
67499862a88c9300588b9979,2024-11-29T10:33:06.588Z,0,0,-0.1,-0.8,-0.7,-0.8,0
67499862a88c9300588b997a,2024-11-29T10:33:06.604Z,0,-0.1,-0.2,-2.2,-2.3,-1.2000000000000002,0
67499862a88c9300588b997b,2024-11-29T10:33:06.621Z,-0.1,-0.1,0,-2.2,0.6000000000000001,-0.4,0
67499862a88c9300588b997c,2024-11-29T10:33:06.638Z,-0.1,0,0.1,-1,2,1,0
67499862a88c9300588b997d,2024-11-29T10:33:06.655Z,-0.1,-0.1,0.1,-0.7,0.8,1.5,0
67499862a88c9300588b997e,2024-11-29T10:33:06.671Z,0,0,0,-0.4,-1,1.3,0
67499862a88c9300588b997f,2024-11-29T10:33:06.688Z,0,-0.1,0,0.2,-1.6,0.7,0
67499862a88c9300588b9980,2024-11-29T10:33:06.705Z,0.1,-0.1,0.1,1.5,-0.6000000000000001,0.1,0
67499862a88c9300588b9981,2024-11-29T10:33:06.721Z,0,-0.1,0,2.2,0.6000000000000001,-0.6000000000000001,0
67499862a88c9300588b9982,2024-11-29T10:33:06.738Z,0,-0.1,0,1.8000000000000003,0.8,-0.8,0
67499862a88c9300588b9983,2024-11-29T10:33:06.754Z,0,0,0,1.4,-0.1,-1,0
67499862a88c9300588b9984,2024-11-29T10:33:06.771Z,0,-0.1,0,1.2000000000000002,-0.7,-1.3,0
67499862a88c9300588b9985,2024-11-29T10:33:06.788Z,0,-0.1,-0.1,0.9000000000000001,-0.4,-1.3,0
67499862a88c9300588b9986,2024-11-29T10:33:06.804Z,0,-0.1,-0.1,-0.30000000000000004,0.6000000000000001,-1.5,0
67499862a88c9300588b9987,2024-11-29T10:33:06.821Z,0,0,-0.1,-0.7,-0.1,-1.5,0
67499862a88c9300588b9988,2024-11-29T10:33:06.838Z,0,-0.1,-0.1,-1,-0.30000000000000004,-1.3,0
67499866a88c9300588b998a,2024-11-29T10:33:11.021Z,0.1,0,-0.1,0,0.1,-0.4,0
67499866a88c9300588b998b,2024-11-29T10:33:11.037Z,0,0,-0.1,-1,1.2000000000000002,-0.30000000000000004,0
67499866a88c9300588b998c,2024-11-29T10:33:11.054Z,-0.1,-0.1,-0.1,-1,0.5,0.30000000000000004,0
67499866a88c9300588b998d,2024-11-29T10:33:11.071Z,-0.1,0,0,-0.8,-0.6000000000000001,0.7,0
67499866a88c9300588b998e,2024-11-29T10:33:11.088Z,0,0,0,-0.9000000000000001,-0.6000000000000001,0.9000000000000001,0
67499866a88c9300588b998f,2024-11-29T10:33:11.104Z,0,-0.1,0,-1.1,-0.4,1,0
67499866a88c9300588b9990,2024-11-29T10:33:11.121Z,0,-0.1,0,-1,-0.5,0.6000000000000001,0
67499866a88c9300588b9991,2024-11-29T10:33:11.138Z,0.1,-0.1,0,0.1,-1.4,0.30000000000000004,0
67499866a88c9300588b9992,2024-11-29T10:33:11.154Z,0.1,-0.1,0,1,-0.9000000000000001,-0.1,0
67499866a88c9300588b9993,2024-11-29T10:33:11.171Z,0.1,-0.1,0,1.9,0.6000000000000001,-0.4,0
67499866a88c9300588b9994,2024-11-29T10:33:11.188Z,0,0,-0.1,1.5,1.1,-0.7,0
67499866a88c9300588b9995,2024-11-29T10:33:11.204Z,-0.1,-0.1,-0.1,-0.5,-1.1,-0.30000000000000004,0
67499866a88c9300588b9996,2024-11-29T10:33:11.221Z,-0.1,-0.1,-0.1,-0.7,-1,-0.1,0
67499866a88c9300588b9997,2024-11-29T10:33:11.238Z,0,0,0,-0.7,-0.1,0.5,0
67499866a88c9300588b9998,2024-11-29T10:33:11.254Z,0,0,0,-0.8,0.1,0.6000000000000001,0
67499866a88c9300588b9999,2024-11-29T10:33:11.271Z,0.1,0,0,-0.6000000000000001,0.30000000000000004,0.30000000000000004,0
67499866a88c9300588b999a,2024-11-29T10:33:11.288Z,0,-0.1,0,-0.2,0.6000000000000001,0.4,0
67499866a88c9300588b999b,2024-11-29T10:33:11.304Z,0,-0.1,0,0.1,1.1,0.7,0
67499866a88c9300588b999c,2024-11-29T10:33:11.321Z,0,-0.1,0.1,0.7,0.4,0.30000000000000004,0
67499866a88c9300588b999d,2024-11-29T10:33:11.338Z,0,-0.1,0.1,1.5,-0.4,0.1,0
67499866a88c9300588b999e,2024-11-29T10:33:11.354Z,0,-0.1,0.1,2,-0.6000000000000001,-0.2,0
67499866a88c9300588b999f,2024-11-29T10:33:11.371Z,0,-0.1,0,2.2,-0.2,-0.4,0
67499866a88c9300588b99a0,2024-11-29T10:33:11.388Z,0,-0.1,-0.1,1.8000000000000003,-0.1,-0.8,0
67499866a88c9300588b99a1,2024-11-29T10:33:11.404Z,0,-0.1,-0.1,1.4,-0.2,-0.5,0
67499866a88c9300588b99a2,2024-11-29T10:33:11.421Z,0,0,-0.1,0.8,0.1,-0.4,0
67499866a88c9300588b99a3,2024-11-29T10:33:11.438Z,-0.1,0,-0.1,0.8,-0.2,0,0
67499866a88c9300588b99a4,2024-11-29T10:33:11.454Z,-0.1,0,-0.1,0.30000000000000004,-0.1,0.4,0
67499866a88c9300588b99a5,2024-11-29T10:33:11.471Z,-0.1,0,-0.1,-0.6000000000000001,-0.2,0.8,0
67499866a88c9300588b99a6,2024-11-29T10:33:11.488Z,-0.1,-0.1,-0.2,-1.7,-0.1,1.2000000000000002,0
67499866a88c9300588b99a7,2024-11-29T10:33:11.504Z,0,-0.1,0,-2.2,-0.6000000000000001,1.3,0
67499866a88c9300588b99a8,2024-11-29T10:33:11.521Z,0.1,-0.1,0,-2,-0.6000000000000001,0.8,0
67499866a88c9300588b99a9,2024-11-29T10:33:11.538Z,0,0,0.1,-1.3,0,0.4,0
67499866a88c9300588b99aa,2024-11-29T10:33:11.554Z,0,-0.1,0.1,-0.8,0.7,0.1,0
67499866a88c9300588b99ab,2024-11-29T10:33:11.571Z,0.1,0,0.1,-0.8,3.9,0.30000000000000004,0
67499866a88c9300588b99ac,2024-11-29T10:33:11.588Z,0.1,-0.1,0.1,0.6000000000000001,1.7,-0.6000000000000001,0
67499866a88c9300588b99ad,2024-11-29T10:33:11.604Z,0,0,0.1,1.4,0.30000000000000004,-1.3,0
67499866a88c9300588b99ae,2024-11-29T10:33:11.621Z,0,-0.1,0.1,2.3,-0.1,-0.6000000000000001,0
67499866a88c9300588b99af,2024-11-29T10:33:11.638Z,-0.1,-0.1,0.1,2.4000000000000004,0.1,0.30000000000000004,0
67499866a88c9300588b99b0,2024-11-29T10:33:11.654Z,-0.1,0,0,2.7,-1,0.8,0
67499866a88c9300588b99b1,2024-11-29T10:33:11.672Z,-0.1,0,-0.1,2.5,-1.5,1,0
67499866a88c9300588b99b2,2024-11-29T10:33:11.688Z,0,-0.1,-0.1,1.9,-1.5,1.2000000000000002,0
67499866a88c9300588b99b3,2024-11-29T10:33:11.705Z,0,0,-0.1,0.8,-0.4,0.6000000000000001,0
67499866a88c9300588b99b4,2024-11-29T10:33:11.721Z,0,0,-0.1,0.30000000000000004,-0.1,0.2,0
67499866a88c9300588b99b5,2024-11-29T10:33:11.738Z,0,0,-0.1,-0.1,-0.30000000000000004,0.6000000000000001,0
67499866a88c9300588b99b6,2024-11-29T10:33:11.754Z,0,-0.1,-0.1,-0.30000000000000004,-0.6000000000000001,0.9000000000000001,0
67499866a88c9300588b99b7,2024-11-29T10:33:11.771Z,0,-0.1,-0.1,-0.30000000000000004,-0.30000000000000004,0.8,0
67499866a88c9300588b99b8,2024-11-29T10:33:11.788Z,0,-0.1,-0.1,-0.30000000000000004,-0.1,0.4,0
67499866a88c9300588b99b9,2024-11-29T10:33:11.804Z,0,-0.1,0,-0.6000000000000001,-0.1,0.1,0
67499866a88c9300588b99ba,2024-11-29T10:33:11.821Z,0,-0.1,0,-0.4,-0.2,0.2,0
67499866a88c9300588b99bb,2024-11-29T10:33:11.838Z,0,-0.1,0,-0.30000000000000004,-0.4,0.30000000000000004,0
6749986ca88c9300588b99bd,2024-11-29T10:33:16.021Z,0,0,0,0.2,-0.30000000000000004,0.30000000000000004,0
6749986ca88c9300588b99be,2024-11-29T10:33:16.038Z,-0.1,-0.1,0,0.2,-0.2,0.9000000000000001,0
6749986ca88c9300588b99bf,2024-11-29T10:33:16.054Z,0,-0.1,0,0.4,-0.30000000000000004,0.8,0
6749986ca88c9300588b99c0,2024-11-29T10:33:16.071Z,0,-0.1,0,0.6000000000000001,-0.8,0.5,0
6749986ca88c9300588b99c1,2024-11-29T10:33:16.087Z,0,-0.1,0,1.1,-0.8,0.4,0
6749986ca88c9300588b99c2,2024-11-29T10:33:16.104Z,0,-0.1,0,2,-0.30000000000000004,0.4,0
6749986ca88c9300588b99c3,2024-11-29T10:33:16.121Z,0.1,-0.1,0,1.7,0.4,-0.30000000000000004,0
6749986ca88c9300588b99c4,2024-11-29T10:33:16.137Z,0.1,0,-0.1,0.2,0.7,-1.3,0
6749986ca88c9300588b99c5,2024-11-29T10:33:16.154Z,0,-0.1,-0.2,-1.1,0.6000000000000001,-1.3,0
6749986ca88c9300588b99c6,2024-11-29T10:33:16.171Z,-0.1,-0.1,-0.1,-1.5,0.30000000000000004,-0.8,0
6749986ca88c9300588b99c7,2024-11-29T10:33:16.188Z,-0.1,0,0,-1.1,0.30000000000000004,-0.7,0
6749986ca88c9300588b99c8,2024-11-29T10:33:16.204Z,-0.1,0,0,-0.5,0.30000000000000004,-0.30000000000000004,0
6749986ca88c9300588b99c9,2024-11-29T10:33:16.221Z,-0.1,0,0,-0.2,0.30000000000000004,0.5,0
6749986ca88c9300588b99ca,2024-11-29T10:33:16.237Z,-0.1,0,0,0.1,-0.1,1.2000000000000002,0
6749986ca88c9300588b99cb,2024-11-29T10:33:16.254Z,-0.1,-0.1,0,0.6000000000000001,-0.6000000000000001,1.3,0
6749986ca88c9300588b99cc,2024-11-29T10:33:16.271Z,0,-0.1,0,1,-0.6000000000000001,0.9000000000000001,0
6749986ca88c9300588b99cd,2024-11-29T10:33:16.287Z,0.1,0,0,0.8,0,0.1,0
6749986ca88c9300588b99ce,2024-11-29T10:33:16.304Z,0.1,-0.1,-0.1,0.4,0.6000000000000001,-0.2,0
6749986ca88c9300588b99cf,2024-11-29T10:33:16.321Z,0,-0.1,-0.1,-0.1,0.2,-0.30000000000000004,0
6749986ca88c9300588b99d0,2024-11-29T10:33:16.337Z,0,-0.1,0,-0.1,-0.5,-0.6000000000000001,0
6749986ca88c9300588b99d1,2024-11-29T10:33:16.354Z,0,-0.1,0,0.4,-0.30000000000000004,-0.6000000000000001,0
6749986ca88c9300588b99d2,2024-11-29T10:33:16.371Z,0,0,-0.1,0.30000000000000004,0.7,-0.30000000000000004,0
6749986ca88c9300588b99d3,2024-11-29T10:33:16.387Z,-0.1,0,-0.1,-0.7,0.30000000000000004,-0.30000000000000004,0
6749986ca88c9300588b99d4,2024-11-29T10:33:16.404Z,-0.1,0,-0.1,-0.8,-0.9000000000000001,0.30000000000000004,0
6749986ca88c9300588b99d5,2024-11-29T10:33:16.421Z,-0.1,-0.1,0,-0.8,-0.1,1.2000000000000002,0
6749986ca88c9300588b99d6,2024-11-29T10:33:16.437Z,0,0,0,-0.6000000000000001,0.4,1.2000000000000002,0
6749986ca88c9300588b99d7,2024-11-29T10:33:16.454Z,0,-0.1,0,-0.30000000000000004,0.30000000000000004,0.8,0
6749986ca88c9300588b99d8,2024-11-29T10:33:16.471Z,0.1,-0.1,0,-0.2,-0.30000000000000004,0.30000000000000004,0
6749986ca88c9300588b99d9,2024-11-29T10:33:16.487Z,0.1,-0.1,0,-0.1,-0.30000000000000004,-0.1,0
6749986ca88c9300588b99da,2024-11-29T10:33:16.504Z,0.1,-0.1,0,0.1,0.30000000000000004,-0.5,0
6749986ca88c9300588b99db,2024-11-29T10:33:16.521Z,0.1,-0.1,0,0.30000000000000004,0.6000000000000001,-1.3,0
6749986ca88c9300588b99dc,2024-11-29T10:33:16.537Z,0,0,0,0.1,0.4,-1.7,0
6749986ca88c9300588b99dd,2024-11-29T10:33:16.554Z,-0.1,0,-0.1,-0.7,0.7,-1.1,0
6749986ca88c9300588b99de,2024-11-29T10:33:16.571Z,-0.1,0,0,-0.8,0.6000000000000001,-0.30000000000000004,0
6749986ca88c9300588b99df,2024-11-29T10:33:16.587Z,-0.1,0,0,-0.30000000000000004,-0.2,0.8,0
6749986ca88c9300588b99e0,2024-11-29T10:33:16.604Z,-0.1,0,0,0.2,-1.1,1.3,0
6749986ca88c9300588b99e1,2024-11-29T10:33:16.621Z,0,-0.1,0,-0.1,-0.7,1.3,0
6749986ca88c9300588b99e2,2024-11-29T10:33:16.637Z,0,-0.1,0,-0.1,-0.30000000000000004,0.6000000000000001,0
6749986ca88c9300588b99e3,2024-11-29T10:33:16.654Z,0,-0.1,0,0.4,-1.4,0.30000000000000004,0
6749986ca88c9300588b99e4,2024-11-29T10:33:16.671Z,0,-0.1,0,1,-2,0.9000000000000001,0
6749986ca88c9300588b99e5,2024-11-29T10:33:16.687Z,0.1,-0.1,0,1,-0.30000000000000004,0.8,0
6749986ca88c9300588b99e6,2024-11-29T10:33:16.704Z,0.1,-0.1,-0.1,0.4,0.7,-0.5,0
6749986ca88c9300588b99e7,2024-11-29T10:33:16.721Z,0,-0.1,-0.1,-0.8,1.3,-1.4,0
6749986ca88c9300588b99e8,2024-11-29T10:33:16.737Z,-0.1,0,0,-1.8000000000000003,1,-1.3,0
6749986ca88c9300588b99e9,2024-11-29T10:33:16.754Z,-0.2,0,0.1,-1.1,0.30000000000000004,-0.6000000000000001,0
6749986ca88c9300588b99ea,2024-11-29T10:33:16.771Z,-0.1,0,0.1,-0.1,0.1,0.5,0
6749986ca88c9300588b99eb,2024-11-29T10:33:16.788Z,-0.1,0,0.1,1,-0.6000000000000001,1.3,0
6749986ca88c9300588b99ec,2024-11-29T10:33:16.804Z,0,0,0,2.4000000000000004,-1.3,1.5,0
6749986ca88c9300588b99ed,2024-11-29T10:33:16.821Z,0.1,-0.1,0,2.4000000000000004,-0.5,1.1,0
6749986ca88c9300588b99ee,2024-11-29T10:33:16.837Z,0.1,-0.1,-0.1,2,0.1,0.8,0
67499871a88c9300588b99f0,2024-11-29T10:33:21.021Z,0,-0.1,0,2.6,0.7,-0.6000000000000001,0
67499871a88c9300588b99f1,2024-11-29T10:33:21.037Z,0,0,0,2.4000000000000004,0.30000000000000004,-0.4,0
67499871a88c9300588b99f2,2024-11-29T10:33:21.054Z,0,0,-0.1,1.8000000000000003,-0.2,-0.4,0
67499871a88c9300588b99f3,2024-11-29T10:33:21.071Z,0,-0.1,-0.1,1,-0.30000000000000004,-0.2,0
67499871a88c9300588b99f4,2024-11-29T10:33:21.087Z,0,-0.1,-0.2,0.1,-0.1,-0.1,0
67499871a88c9300588b99f5,2024-11-29T10:33:21.104Z,0.1,-0.1,-0.1,-0.7,0,-0.30000000000000004,0
67499871a88c9300588b99f6,2024-11-29T10:33:21.121Z,0,-0.1,-0.1,-1.4,0.30000000000000004,-0.6000000000000001,0
67499871a88c9300588b99f7,2024-11-29T10:33:21.137Z,0,-0.1,-0.2,-1.9,0.1,-0.9000000000000001,0
67499871a88c9300588b99f8,2024-11-29T10:33:21.154Z,0,0,-0.1,-2.8,0.1,-1,0
67499871a88c9300588b99f9,2024-11-29T10:33:21.171Z,0,0,0,-3.4,1.5,-0.8,0
67499871a88c9300588b99fa,2024-11-29T10:33:21.187Z,-0.1,-0.1,0.1,-1.8000000000000003,1.3,-0.6000000000000001,0
67499871a88c9300588b99fb,2024-11-29T10:33:21.204Z,-0.1,0,0.2,0.2,0,-0.30000000000000004,0
67499871a88c9300588b99fc,2024-11-29T10:33:21.221Z,-0.1,0,0.2,1,0.2,0.30000000000000004,0
67499871a88c9300588b99fd,2024-11-29T10:33:21.237Z,-0.1,0,0.1,1.5,0.30000000000000004,1.3,0
67499871a88c9300588b99fe,2024-11-29T10:33:21.254Z,-0.1,0,0.1,1.8000000000000003,-0.30000000000000004,1.8000000000000003,0
67499871a88c9300588b99ff,2024-11-29T10:33:21.270Z,0,-0.1,0,2,-1,1.4,0
67499871a88c9300588b9a00,2024-11-29T10:33:21.287Z,0.1,-0.1,0,1.5,-0.8,0.1,0
67499871a88c9300588b9a01,2024-11-29T10:33:21.304Z,0.1,-0.1,-0.1,1.3,-0.6000000000000001,-0.7,0
67499871a88c9300588b9a02,2024-11-29T10:33:21.321Z,0.1,-0.1,-0.1,0.7,0,-1.1,0
67499871a88c9300588b9a03,2024-11-29T10:33:21.337Z,0.1,-0.1,-0.1,0.5,-0.1,-1.3,0
67499871a88c9300588b9a04,2024-11-29T10:33:21.354Z,0,-0.1,-0.1,0.5,0.6000000000000001,-1.1,0
67499871a88c9300588b9a05,2024-11-29T10:33:21.371Z,0,-0.1,-0.1,0.30000000000000004,0.8,-0.5,0
67499871a88c9300588b9a06,2024-11-29T10:33:21.387Z,-0.1,0,-0.1,-0.2,0.2,-0.30000000000000004,0
67499871a88c9300588b9a07,2024-11-29T10:33:21.404Z,0,0,-0.1,-0.6000000000000001,-0.30000000000000004,-0.30000000000000004,0
67499871a88c9300588b9a08,2024-11-29T10:33:21.421Z,0,0,-0.1,-1,0.30000000000000004,-0.30000000000000004,0
67499871a88c9300588b9a09,2024-11-29T10:33:21.437Z,-0.1,0,0,-0.9000000000000001,0.6000000000000001,0.2,0
67499871a88c9300588b9a0a,2024-11-29T10:33:21.454Z,0,0,0,-0.6000000000000001,0.2,0.6000000000000001,0
67499871a88c9300588b9a0b,2024-11-29T10:33:21.471Z,0,0,0,-0.30000000000000004,-0.30000000000000004,0.30000000000000004,0
67499871a88c9300588b9a0c,2024-11-29T10:33:21.487Z,0,-0.1,0,-0.1,-0.6000000000000001,0,0
67499871a88c9300588b9a0d,2024-11-29T10:33:21.504Z,0.1,-0.1,0,0.30000000000000004,-0.6000000000000001,-0.30000000000000004,0
67499871a88c9300588b9a0e,2024-11-29T10:33:21.521Z,0,-0.1,0,0.4,0.1,-0.6000000000000001,0
67499871a88c9300588b9a0f,2024-11-29T10:33:21.537Z,0,0,0,0.6000000000000001,0.5,-0.7,0
67499871a88c9300588b9a10,2024-11-29T10:33:21.554Z,0,-0.1,0,0.30000000000000004,1,-0.6000000000000001,0
67499871a88c9300588b9a11,2024-11-29T10:33:21.571Z,-0.1,0,0,0.1,0.1,0,0
67499871a88c9300588b9a12,2024-11-29T10:33:21.587Z,0,0,0,-0.1,-0.30000000000000004,0.1,0
67499871a88c9300588b9a13,2024-11-29T10:33:21.604Z,0,0,0,0.1,0.2,0.1,0
67499871a88c9300588b9a14,2024-11-29T10:33:21.620Z,0,0,0,0.9000000000000001,0.2,0.5,0
67499871a88c9300588b9a15,2024-11-29T10:33:21.637Z,-0.1,0,0,1,0.2,1,0
67499871a88c9300588b9a16,2024-11-29T10:33:21.654Z,0,0,0,0.6000000000000001,-0.2,1.1,0
67499871a88c9300588b9a17,2024-11-29T10:33:21.671Z,0,-0.1,0,0.6000000000000001,-0.6000000000000001,0.8,0
67499871a88c9300588b9a18,2024-11-29T10:33:21.687Z,0,-0.1,0,0.8,-0.30000000000000004,0.4,0
67499871a88c9300588b9a19,2024-11-29T10:33:21.704Z,0.1,-0.1,0,0.8,0.1,-0.1,0
67499871a88c9300588b9a1a,2024-11-29T10:33:21.721Z,0,-0.1,-0.1,0.4,0.4,-0.2,0
67499871a88c9300588b9a1b,2024-11-29T10:33:21.737Z,0,0,-0.1,0.1,0,-0.30000000000000004,0
67499871a88c9300588b9a1c,2024-11-29T10:33:21.754Z,0,0,-0.1,-0.2,-0.30000000000000004,-0.7,0
67499871a88c9300588b9a1d,2024-11-29T10:33:21.771Z,0,0,-0.1,-0.6000000000000001,0.2,-0.4,0
67499871a88c9300588b9a1e,2024-11-29T10:33:21.787Z,-0.1,-0.1,0,-1,1,0.5,0
67499871a88c9300588b9a1f,2024-11-29T10:33:21.804Z,-0.1,-0.1,0,-0.8,0.4,1,0
67499871a88c9300588b9a20,2024-11-29T10:33:21.821Z,0,0,0,-0.2,-0.9000000000000001,0.9000000000000001,0
67499871a88c9300588b9a21,2024-11-29T10:33:21.837Z,0,-0.1,0,0,-1.3,0.9000000000000001,0
67499876a88c9300588b9a23,2024-11-29T10:33:26.020Z,0,0,0,-0.6000000000000001,0.6000000000000001,-1.5,0
67499876a88c9300588b9a24,2024-11-29T10:33:26.037Z,-0.1,0,0.1,0.7,1,-1,0
67499876a88c9300588b9a25,2024-11-29T10:33:26.054Z,-0.1,0,0.1,1.4,0.8,-0.1,0
67499876a88c9300588b9a26,2024-11-29T10:33:26.070Z,-0.1,0,0,1.2000000000000002,-0.1,0.30000000000000004,0
67499876a88c9300588b9a27,2024-11-29T10:33:26.087Z,0,0,0,0.6000000000000001,-1,0.5,0
67499876a88c9300588b9a28,2024-11-29T10:33:26.104Z,0,0,0,0.4,-1,0.7,0
67499876a88c9300588b9a29,2024-11-29T10:33:26.120Z,0,-0.1,0,0.5,-0.2,0.6000000000000001,0
67499876a88c9300588b9a2a,2024-11-29T10:33:26.137Z,0,0,0,0.4,0.30000000000000004,0.2,0
67499876a88c9300588b9a2b,2024-11-29T10:33:26.154Z,0,0,-0.1,-0.1,0.2,-0.30000000000000004,0
67499876a88c9300588b9a2c,2024-11-29T10:33:26.170Z,0,0,-0.1,-0.30000000000000004,-0.2,-0.4,0
67499876a88c9300588b9a2d,2024-11-29T10:33:26.187Z,0,0,-0.1,-0.5,0.1,0,0
67499876a88c9300588b9a2e,2024-11-29T10:33:26.204Z,-0.1,0,-0.1,-0.8,0.30000000000000004,0.6000000000000001,0
67499876a88c9300588b9a2f,2024-11-29T10:33:26.220Z,0,0,0,-1.2000000000000002,0.30000000000000004,1.3,0
67499876a88c9300588b9a30,2024-11-29T10:33:26.237Z,0,-0.1,0,-1,-0.2,1.3,0
67499876a88c9300588b9a31,2024-11-29T10:33:26.254Z,0,-0.1,0,-0.6000000000000001,-0.7,1,0
67499876a88c9300588b9a32,2024-11-29T10:33:26.270Z,0.1,-0.1,0,-0.6000000000000001,-0.4,0.8,0
67499876a88c9300588b9a33,2024-11-29T10:33:26.287Z,0.1,-0.1,0,-0.30000000000000004,-0.7,0.1,0
67499876a88c9300588b9a34,2024-11-29T10:33:26.304Z,0,-0.1,0,0.6000000000000001,-0.9000000000000001,-0.4,0
67499876a88c9300588b9a35,2024-11-29T10:33:26.320Z,0,-0.1,0,2.3,0.7,-0.30000000000000004,0
67499876a88c9300588b9a36,2024-11-29T10:33:26.337Z,0,0,-0.1,1.5,0.6000000000000001,-0.4,0
67499876a88c9300588b9a37,2024-11-29T10:33:26.354Z,0,0,-0.1,0.2,0.1,-0.5,0
67499876a88c9300588b9a38,2024-11-29T10:33:26.370Z,-0.1,0,-0.1,-0.9000000000000001,-0.30000000000000004,-0.1,0
67499876a88c9300588b9a39,2024-11-29T10:33:26.387Z,-0.1,0,-0.1,-1.2000000000000002,-0.2,0.4,0
67499876a88c9300588b9a3a,2024-11-29T10:33:26.404Z,0,0,-0.1,-1.3,0,0.5,0
67499876a88c9300588b9a3b,2024-11-29T10:33:26.420Z,0,0,0,-0.8,-0.1,0.6000000000000001,0
67499876a88c9300588b9a3c,2024-11-29T10:33:26.437Z,0,0,0,-0.1,-0.2,0.6000000000000001,0
67499876a88c9300588b9a3d,2024-11-29T10:33:26.454Z,0,-0.1,0,0.30000000000000004,0.1,0.8,0
67499876a88c9300588b9a3e,2024-11-29T10:33:26.470Z,0,-0.1,0,0.30000000000000004,0.30000000000000004,0.6000000000000001,0
67499876a88c9300588b9a3f,2024-11-29T10:33:26.487Z,0.1,0,0,0.1,0.5,0.2,0
67499876a88c9300588b9a40,2024-11-29T10:33:26.504Z,0.1,-0.1,0,0.1,0.1,-0.2,0
67499876a88c9300588b9a41,2024-11-29T10:33:26.520Z,0,-0.1,0,0.30000000000000004,-0.30000000000000004,-0.8,0
67499876a88c9300588b9a42,2024-11-29T10:33:26.537Z,0,0,0,0.2,-0.4,-0.9000000000000001,0
67499876a88c9300588b9a43,2024-11-29T10:33:26.554Z,-0.1,-0.1,-0.1,-0.1,0.1,-0.30000000000000004,0
67499876a88c9300588b9a44,2024-11-29T10:33:26.570Z,-0.1,0,0,-0.1,-0.6000000000000001,0.30000000000000004,0
67499876a88c9300588b9a45,2024-11-29T10:33:26.587Z,-0.1,0,-0.1,-0.6000000000000001,-0.30000000000000004,1.2000000000000002,0
67499876a88c9300588b9a46,2024-11-29T10:33:26.604Z,-0.1,0,0,-0.8,-0.1,1.6,0
67499876a88c9300588b9a47,2024-11-29T10:33:26.620Z,0,-0.1,0,-0.8,-0.1,1.8000000000000003,0
67499876a88c9300588b9a48,2024-11-29T10:33:26.637Z,0.1,-0.1,0,-0.4,-0.7,1.7,0
67499876a88c9300588b9a49,2024-11-29T10:33:26.654Z,0.1,-0.1,0,0.2,-1.3,1.2000000000000002,0
67499876a88c9300588b9a4a,2024-11-29T10:33:26.670Z,0.1,-0.1,0,0.6000000000000001,-0.7,0.6000000000000001,0
67499876a88c9300588b9a4b,2024-11-29T10:33:26.687Z,0.1,-0.1,0,0.8,0.2,-0.1,0
67499876a88c9300588b9a4c,2024-11-29T10:33:26.704Z,0.1,0,-0.1,0.5,0.30000000000000004,-0.8,0
67499876a88c9300588b9a4d,2024-11-29T10:33:26.720Z,0,0,-0.1,-0.30000000000000004,0.8,-0.9000000000000001,0
67499876a88c9300588b9a4e,2024-11-29T10:33:26.737Z,-0.1,0,-0.1,-0.30000000000000004,0.8,-0.9000000000000001,0
67499876a88c9300588b9a4f,2024-11-29T10:33:26.754Z,-0.1,0,0,-0.9000000000000001,-0.2,0.9000000000000001,0
67499876a88c9300588b9a50,2024-11-29T10:33:26.770Z,-0.1,0,0,-0.30000000000000004,-1.3,1.4,0
67499876a88c9300588b9a51,2024-11-29T10:33:26.787Z,-0.1,-0.1,0,0.4,-1.3,1.9,0
67499876a88c9300588b9a52,2024-11-29T10:33:26.804Z,0,-0.1,0,0.6000000000000001,-0.8,1.5,0
67499876a88c9300588b9a53,2024-11-29T10:33:26.821Z,0.1,0,0,0.8,-0.30000000000000004,0.6000000000000001,0
67499876a88c9300588b9a54,2024-11-29T10:33:26.837Z,0.1,0,0,0.8,-0.4,0.4,0
6749987ba88c9300588b9a56,2024-11-29T10:33:31.020Z,0,0,0.1,-0.1,-0.4,0.1,0
6749987ba88c9300588b9a57,2024-11-29T10:33:31.037Z,0,0,0,0.6000000000000001,-0.4,0.2,0
6749987ba88c9300588b9a58,2024-11-29T10:33:31.054Z,0,0,0,0.8,-0.1,0.1,0
6749987ba88c9300588b9a59,2024-11-29T10:33:31.070Z,0,-0.1,0,0.8,0.1,0.2,0
6749987ba88c9300588b9a5a,2024-11-29T10:33:31.087Z,0,-0.1,0,1.5,-0.1,0.4,0
6749987ba88c9300588b9a5b,2024-11-29T10:33:31.104Z,0,-0.1,-0.1,0.8,-0.30000000000000004,-0.30000000000000004,0
6749987ba88c9300588b9a5c,2024-11-29T10:33:31.120Z,0.1,0,-0.1,-0.6000000000000001,0.6000000000000001,-0.8,0
6749987ba88c9300588b9a5d,2024-11-29T10:33:31.137Z,0,0,-0.1,-1.5,1.2000000000000002,-0.7,0
6749987ba88c9300588b9a5e,2024-11-29T10:33:31.154Z,0,0,0,-1.7,0.6000000000000001,-0.4,0
6749987ba88c9300588b9a5f,2024-11-29T10:33:31.170Z,-0.1,0,0,-0.7,-0.6000000000000001,-0.1,0
6749987ba88c9300588b9a60,2024-11-29T10:33:31.187Z,-0.1,-0.1,0.1,0.1,-0.7,0.6000000000000001,0
6749987ba88c9300588b9a61,2024-11-29T10:33:31.204Z,-0.1,0,0,0.2,-0.1,1,0
6749987ba88c9300588b9a62,2024-11-29T10:33:31.220Z,0,0,0,-0.2,0.30000000000000004,1,0
6749987ba88c9300588b9a63,2024-11-29T10:33:31.237Z,0,-0.1,0,-0.1,0,0.8,0
6749987ba88c9300588b9a64,2024-11-29T10:33:31.253Z,0,-0.1,0,0.8,-0.6000000000000001,0.5,0
6749987ba88c9300588b9a65,2024-11-29T10:33:31.270Z,0,-0.1,0,1.5,-0.4,0.30000000000000004,0
6749987ba88c9300588b9a66,2024-11-29T10:33:31.287Z,0,-0.1,-0.1,1.3,-0.1,0,0
6749987ba88c9300588b9a67,2024-11-29T10:33:31.304Z,0.1,-0.1,-0.1,0.6000000000000001,-0.1,-0.4,0
6749987ba88c9300588b9a68,2024-11-29T10:33:31.320Z,0,0,-0.1,-0.5,0.1,-0.6000000000000001,0
6749987ba88c9300588b9a69,2024-11-29T10:33:31.337Z,0,0,-0.1,-1.3,0.30000000000000004,-0.7,0
6749987ba88c9300588b9a6a,2024-11-29T10:33:31.354Z,-0.1,0,-0.1,-1.5,0.6000000000000001,-0.2,0
6749987ba88c9300588b9a6b,2024-11-29T10:33:31.370Z,-0.1,-0.1,0,-1.3,0.30000000000000004,0.6000000000000001,0
6749987ba88c9300588b9a6c,2024-11-29T10:33:31.387Z,0,0,0.1,-0.6000000000000001,-0.4,1.2000000000000002,0
6749987ba88c9300588b9a6d,2024-11-29T10:33:31.404Z,0,0,0.1,0.6000000000000001,-0.8,1.1,0
6749987ba88c9300588b9a6e,2024-11-29T10:33:31.420Z,0,0,0,1.1,-0.1,1,0
6749987ba88c9300588b9a6f,2024-11-29T10:33:31.437Z,0,-0.1,0,0.8,0.30000000000000004,0.7,0
6749987ba88c9300588b9a70,2024-11-29T10:33:31.454Z,0,-0.1,0,0.6000000000000001,-0.2,0.6000000000000001,0
6749987ba88c9300588b9a71,2024-11-29T10:33:31.470Z,0,-0.1,0,0.9000000000000001,-0.9000000000000001,0.6000000000000001,0
6749987ba88c9300588b9a72,2024-11-29T10:33:31.487Z,0,-0.1,-0.1,0.6000000000000001,-0.30000000000000004,0.30000000000000004,0
6749987ba88c9300588b9a73,2024-11-29T10:33:31.503Z,0.1,0,-0.1,0.1,0.1,-0.30000000000000004,0
6749987ba88c9300588b9a74,2024-11-29T10:33:31.520Z,0,0,-0.1,0.30000000000000004,-0.4,-0.30000000000000004,0
6749987ba88c9300588b9a75,2024-11-29T10:33:31.537Z,0,0,0,0.7,-0.30000000000000004,0.2,0
6749987ba88c9300588b9a76,2024-11-29T10:33:31.554Z,-0.1,-0.1,0,0.7,0.2,0.8,0
6749987ba88c9300588b9a77,2024-11-29T10:33:31.570Z,0,0,0,0.5,0,0.7,0
6749987ba88c9300588b9a78,2024-11-29T10:33:31.587Z,0,0,0,0.30000000000000004,-0.8,0.6000000000000001,0
6749987ba88c9300588b9a79,2024-11-29T10:33:31.603Z,0,-0.1,0,0.1,-1,0.7,0
6749987ba88c9300588b9a7a,2024-11-29T10:33:31.620Z,0,-0.1,0,-0.1,-0.7,0.7,0
6749987ba88c9300588b9a7b,2024-11-29T10:33:31.637Z,0,-0.1,0,-0.2,-0.30000000000000004,0.30000000000000004,0
6749987ba88c9300588b9a7c,2024-11-29T10:33:31.653Z,0.1,0,0,-0.6000000000000001,0.2,-0.2,0
6749987ba88c9300588b9a7d,2024-11-29T10:33:31.670Z,0,0,0,-0.7,-0.1,-0.4,0
6749987ba88c9300588b9a7e,2024-11-29T10:33:31.687Z,0,-0.1,0,-0.5,0.30000000000000004,-0.1,0
6749987ba88c9300588b9a7f,2024-11-29T10:33:31.703Z,-0.1,-0.1,0,0.5,-0.1,0.2,0
6749987ba88c9300588b9a80,2024-11-29T10:33:31.720Z,-0.1,-0.1,0,1.1,-0.4,0.6000000000000001,0
6749987ba88c9300588b9a81,2024-11-29T10:33:31.737Z,0,0,0,1,-0.6000000000000001,0.9000000000000001,0
6749987ba88c9300588b9a82,2024-11-29T10:33:31.754Z,0,-0.1,0,0.6000000000000001,-0.30000000000000004,1,0
6749987ba88c9300588b9a83,2024-11-29T10:33:31.770Z,0.1,-0.1,-0.1,0.1,-0.30000000000000004,0.4,0
6749987ba88c9300588b9a84,2024-11-29T10:33:31.787Z,0.1,-0.1,-0.1,-0.30000000000000004,-0.1,-0.2,0
6749987ba88c9300588b9a85,2024-11-29T10:33:31.803Z,0,0,0,-0.6000000000000001,0.6000000000000001,-0.5,0
6749987ba88c9300588b9a86,2024-11-29T10:33:31.820Z,-0.1,0,0,-0.2,0.4,-0.5,0
6749987ba88c9300588b9a87,2024-11-29T10:33:31.837Z,-0.1,0,0,0.4,-0.6000000000000001,0,0
67499880a88c9300588b9a89,2024-11-29T10:33:36.020Z,0,-0.1,-0.1,0,-1,-0.9000000000000001,0
67499880a88c9300588b9a8a,2024-11-29T10:33:36.037Z,0,-0.1,0,0.8,-0.30000000000000004,-0.30000000000000004,0
67499880a88c9300588b9a8b,2024-11-29T10:33:36.054Z,0,-0.1,0,1,0.7,0.1,0
67499880a88c9300588b9a8c,2024-11-29T10:33:36.070Z,0,0,0,1.2000000000000002,0.30000000000000004,-0.2,0
67499880a88c9300588b9a8d,2024-11-29T10:33:36.087Z,0,0,-0.1,0.6000000000000001,-0.30000000000000004,-0.5,0
67499880a88c9300588b9a8e,2024-11-29T10:33:36.104Z,0,-0.1,-0.1,-0.7,-0.30000000000000004,-0.2,0
67499880a88c9300588b9a8f,2024-11-29T10:33:36.121Z,0,-0.1,-0.1,-1,-0.1,0,0
67499880a88c9300588b9a90,2024-11-29T10:33:36.137Z,0,0,0,-0.9000000000000001,0.30000000000000004,-0.4,0
67499880a88c9300588b9a91,2024-11-29T10:33:36.153Z,0,0,0,-0.4,0.6000000000000001,-0.6000000000000001,0
67499880a88c9300588b9a92,2024-11-29T10:33:36.170Z,-0.1,0,0,0.2,0.30000000000000004,-0.4,0
67499880a88c9300588b9a93,2024-11-29T10:33:36.187Z,-0.1,-0.1,0,0.6000000000000001,0.1,0.1,0
67499880a88c9300588b9a94,2024-11-29T10:33:36.203Z,0,-0.1,0,0.6000000000000001,-0.30000000000000004,0.6000000000000001,0
67499880a88c9300588b9a95,2024-11-29T10:33:36.220Z,0.1,0,0,0.9000000000000001,-0.5,0.30000000000000004,0
67499880a88c9300588b9a96,2024-11-29T10:33:36.237Z,0.1,-0.1,0,0.4,0.6000000000000001,-0.4,0
67499880a88c9300588b9a97,2024-11-29T10:33:36.253Z,0,-0.1,-0.1,-0.30000000000000004,0.6000000000000001,-0.6000000000000001,0
67499880a88c9300588b9a98,2024-11-29T10:33:36.270Z,0,-0.1,-0.1,-0.6000000000000001,-0.30000000000000004,-0.7,0
67499880a88c9300588b9a99,2024-11-29T10:33:36.287Z,0,-0.1,0,-0.6000000000000001,-0.1,-0.8,0
67499880a88c9300588b9a9a,2024-11-29T10:33:36.303Z,0,0,0,-0.1,0.30000000000000004,-0.30000000000000004,0
67499880a88c9300588b9a9b,2024-11-29T10:33:36.320Z,-0.1,0,0,0.2,0.6000000000000001,0.1,0
67499880a88c9300588b9a9c,2024-11-29T10:33:36.337Z,-0.1,0,0,0.2,0.2,0.6000000000000001,0
67499880a88c9300588b9a9d,2024-11-29T10:33:36.353Z,-0.1,0,0,0.2,-0.1,0.8,0
67499880a88c9300588b9a9e,2024-11-29T10:33:36.370Z,0,0,0,0.2,-0.6000000000000001,0.9000000000000001,0
67499880a88c9300588b9a9f,2024-11-29T10:33:36.387Z,0,-0.1,0,0.1,-0.6000000000000001,0.8,0
67499880a88c9300588b9aa0,2024-11-29T10:33:36.403Z,0.1,0,0,-0.1,-0.30000000000000004,0.2,0
67499880a88c9300588b9aa1,2024-11-29T10:33:36.420Z,0.1,0,0,0,0,0.1,0
67499880a88c9300588b9aa2,2024-11-29T10:33:36.437Z,0,-0.1,0,0.7,0.1,0.1,0
67499880a88c9300588b9aa3,2024-11-29T10:33:36.453Z,0,-0.1,0,1.3,0.1,0.1,0
67499880a88c9300588b9aa4,2024-11-29T10:33:36.471Z,0,-0.1,0,1.3,-0.4,0.30000000000000004,0
67499880a88c9300588b9aa5,2024-11-29T10:33:36.487Z,0,-0.1,-0.1,1,-0.6000000000000001,0.5,0
67499880a88c9300588b9aa6,2024-11-29T10:33:36.503Z,0,0,-0.1,0.30000000000000004,0.1,0.6000000000000001,0
67499880a88c9300588b9aa7,2024-11-29T10:33:36.520Z,0,-0.1,-0.1,-0.4,0.30000000000000004,0.6000000000000001,0
67499880a88c9300588b9aa8,2024-11-29T10:33:36.537Z,0.1,-0.1,-0.1,-1.1,0,-0.1,0
67499880a88c9300588b9aa9,2024-11-29T10:33:36.553Z,0,-0.1,0,-1.4,-0.4,-0.6000000000000001,0
67499880a88c9300588b9aaa,2024-11-29T10:33:36.570Z,-0.1,-0.1,0,-1,-0.30000000000000004,-0.5,0
67499880a88c9300588b9aab,2024-11-29T10:33:36.587Z,0,0,0,-0.9000000000000001,0.4,-0.1,0
67499880a88c9300588b9aac,2024-11-29T10:33:36.603Z,-0.1,0,0,-1,0.5,0.2,0
67499880a88c9300588b9aad,2024-11-29T10:33:36.620Z,-0.1,-0.1,0,-0.8,-0.4,0.8,0
67499880a88c9300588b9aae,2024-11-29T10:33:36.637Z,0,-0.1,0.1,-0.5,-0.4,1.5,0
67499880a88c9300588b9aaf,2024-11-29T10:33:36.653Z,0,-0.1,0.1,-0.2,-0.8,1.4,0
67499880a88c9300588b9ab0,2024-11-29T10:33:36.670Z,0.1,-0.1,0,0.1,-0.8,0.7,0
67499880a88c9300588b9ab1,2024-11-29T10:33:36.687Z,0.1,-0.1,0,0.6000000000000001,-0.6000000000000001,-0.2,0
67499880a88c9300588b9ab2,2024-11-29T10:33:36.703Z,0.1,-0.1,0,0.9000000000000001,-0.30000000000000004,-1.3,0
67499880a88c9300588b9ab3,2024-11-29T10:33:36.720Z,0,0,-0.1,1.1,-0.8,-1.1,0
67499880a88c9300588b9ab4,2024-11-29T10:33:36.737Z,-0.1,-0.1,-0.1,0.8,0,-0.1,0
67499880a88c9300588b9ab5,2024-11-29T10:33:36.753Z,-0.1,0,-0.1,0.30000000000000004,0.5,0.30000000000000004,0
67499880a88c9300588b9ab6,2024-11-29T10:33:36.770Z,0,0,-0.2,-0.8,-0.6000000000000001,0.8,0
67499880a88c9300588b9ab7,2024-11-29T10:33:36.787Z,-0.1,-0.1,-0.2,-2.2,-0.6000000000000001,1.1,0
67499880a88c9300588b9ab8,2024-11-29T10:33:36.803Z,0,-0.1,-0.1,-2.4000000000000004,-1,1.3,0
67499880a88c9300588b9ab9,2024-11-29T10:33:36.820Z,0,-0.1,0,-2,-0.6000000000000001,1.1,0
67499880a88c9300588b9aba,2024-11-29T10:33:36.837Z,0,-0.1,0.1,-0.9000000000000001,-0.2,0.6000000000000001,0
67499885a88c9300588b9abc,2024-11-29T10:33:41.020Z,-0.2,0,0,0.1,0.1,0.9000000000000001,0
67499885a88c9300588b9abd,2024-11-29T10:33:41.036Z,-0.1,0,0,-0.30000000000000004,-0.6000000000000001,1.3,0
67499885a88c9300588b9abe,2024-11-29T10:33:41.053Z,0,0,0,-1,-1,1.5,0
67499885a88c9300588b9abf,2024-11-29T10:33:41.070Z,0,-0.1,0,-0.8,-0.30000000000000004,0.8,0
67499885a88c9300588b9ac0,2024-11-29T10:33:41.086Z,0.1,-0.1,0.1,0.2,-0.1,0.2,0
67499885a88c9300588b9ac1,2024-11-29T10:33:41.103Z,0.1,-0.1,0.1,1.3,-0.5,-0.30000000000000004,0
67499885a88c9300588b9ac2,2024-11-29T10:33:41.120Z,0.1,-0.1,0,1.7,-0.30000000000000004,-0.6000000000000001,0
67499885a88c9300588b9ac3,2024-11-29T10:33:41.137Z,0.1,-0.1,0,1,0.30000000000000004,-1.3,0
67499885a88c9300588b9ac4,2024-11-29T10:33:41.153Z,0.1,0,-0.1,0.1,1,-1.8000000000000003,0
67499885a88c9300588b9ac5,2024-11-29T10:33:41.170Z,0,0,-0.1,-0.8,0.9000000000000001,-1.5,0
67499885a88c9300588b9ac6,2024-11-29T10:33:41.186Z,-0.2,0,-0.1,-1.5,0.8,-0.30000000000000004,0
67499885a88c9300588b9ac7,2024-11-29T10:33:41.203Z,-0.2,-0.1,-0.1,-1.5,0.30000000000000004,1.1,0
67499885a88c9300588b9ac8,2024-11-29T10:33:41.220Z,-0.1,0,-0.1,-1.7,-0.4,1.5,0
67499885a88c9300588b9ac9,2024-11-29T10:33:41.237Z,0,0,-0.1,-2.3,-0.7,1,0
67499885a88c9300588b9aca,2024-11-29T10:33:41.253Z,0,0,0,-2,-0.2,0.9000000000000001,0
67499885a88c9300588b9acb,2024-11-29T10:33:41.270Z,0,-0.1,0.1,-1,0.30000000000000004,0.9000000000000001,0
67499885a88c9300588b9acc,2024-11-29T10:33:41.286Z,0.1,-0.1,0,0,-0.1,0.2,0
67499885a88c9300588b9acd,2024-11-29T10:33:41.303Z,0.1,-0.1,0,0.30000000000000004,-0.2,-1,0
67499885a88c9300588b9ace,2024-11-29T10:33:41.320Z,0.1,-0.1,0,0.2,0.30000000000000004,-1.4,0
67499885a88c9300588b9acf,2024-11-29T10:33:41.336Z,0,0,0,0.1,1.1,-1.5,0
67499885a88c9300588b9ad0,2024-11-29T10:33:41.353Z,-0.1,0,0,0.5,1.1,-1.3,0
67499885a88c9300588b9ad1,2024-11-29T10:33:41.370Z,-0.1,0,0,1.2000000000000002,0.2,-0.4,0
67499885a88c9300588b9ad2,2024-11-29T10:33:41.386Z,-0.1,0,0,1.5,-0.6000000000000001,0.6000000000000001,0
67499885a88c9300588b9ad3,2024-11-29T10:33:41.403Z,0,0,-0.1,0.4,-0.30000000000000004,0.8,0
67499885a88c9300588b9ad4,2024-11-29T10:33:41.420Z,0.1,0,-0.1,-0.1,-0.2,0.2,0
67499885a88c9300588b9ad5,2024-11-29T10:33:41.436Z,0.1,-0.1,-0.1,-1,0.30000000000000004,-0.4,0
67499885a88c9300588b9ad6,2024-11-29T10:33:41.453Z,0,-0.1,-0.1,-1.2000000000000002,0.30000000000000004,-0.5,0
67499885a88c9300588b9ad7,2024-11-29T10:33:41.470Z,0,-0.1,0,-1,0.5,-0.1,0
67499885a88c9300588b9ad8,2024-11-29T10:33:41.487Z,0,0,0,-0.9000000000000001,0.5,0.1,0
67499885a88c9300588b9ad9,2024-11-29T10:33:41.503Z,-0.1,0,0.1,-0.2,-0.4,0.7,0
67499885a88c9300588b9ada,2024-11-29T10:33:41.520Z,-0.1,-0.1,0.1,0.8,-0.9000000000000001,1.3,0
67499885a88c9300588b9adb,2024-11-29T10:33:41.536Z,0,-0.1,0.1,1.4,-0.7,1,0
67499885a88c9300588b9adc,2024-11-29T10:33:41.553Z,0.1,-0.1,0,1.6,0.1,0.6000000000000001,0
67499885a88c9300588b9add,2024-11-29T10:33:41.570Z,0.1,-0.1,0,1.3,0.30000000000000004,0.30000000000000004,0
67499885a88c9300588b9ade,2024-11-29T10:33:41.586Z,0,-0.1,-0.1,0.9000000000000001,-0.4,0.1,0
67499885a88c9300588b9adf,2024-11-29T10:33:41.603Z,0.1,-0.1,0,1.3,-1,-0.5,0
67499885a88c9300588b9ae0,2024-11-29T10:33:41.620Z,0.1,0,-0.1,1.2000000000000002,-0.5,-1.2000000000000002,0
67499885a88c9300588b9ae1,2024-11-29T10:33:41.636Z,0,0,-0.1,0,1.4,-1,0
67499885a88c9300588b9ae2,2024-11-29T10:33:41.653Z,-0.1,0,-0.1,-1.4,1.3,0,0
67499885a88c9300588b9ae3,2024-11-29T10:33:41.670Z,-0.1,0,0,-1.9,-0.1,0.8,0
67499885a88c9300588b9ae4,2024-11-29T10:33:41.686Z,0,-0.1,0,-1.3,-1.7,1,0
67499885a88c9300588b9ae5,2024-11-29T10:33:41.703Z,0,-0.1,0,-0.8,-1,1.1,0
67499885a88c9300588b9ae6,2024-11-29T10:33:41.720Z,0.1,0,0,-0.5,0.4,0.8,0
67499885a88c9300588b9ae7,2024-11-29T10:33:41.736Z,0,-0.1,0,-0.1,0.4,0.4,0
67499885a88c9300588b9ae8,2024-11-29T10:33:41.753Z,0,-0.1,0.1,0.7,-1,0.5,0
67499885a88c9300588b9ae9,2024-11-29T10:33:41.770Z,0.1,-0.1,0,1.7,-0.5,0.6000000000000001,0
67499885a88c9300588b9aea,2024-11-29T10:33:41.786Z,0.1,0,0,2,0.5,0.2,0
67499885a88c9300588b9aeb,2024-11-29T10:33:41.803Z,0,-0.1,-0.1,0.4,-0.4,-0.2,0
67499885a88c9300588b9aec,2024-11-29T10:33:41.820Z,0,-0.1,-0.1,0.2,-0.8,-0.5,0
67499885a88c9300588b9aed,2024-11-29T10:33:41.837Z,0,-0.1,-0.1,0.1,0,-0.7,0
67499889a88c9300588b9aef,2024-11-29T10:33:46.020Z,0,0,0,0.6000000000000001,-0.2,0.1,0
67499889a88c9300588b9af0,2024-11-29T10:33:46.036Z,0,-0.1,-0.1,0.2,0.1,0.30000000000000004,0
67499889a88c9300588b9af1,2024-11-29T10:33:46.053Z,0,0,0,-0.30000000000000004,0.1,0.5,0
67499889a88c9300588b9af2,2024-11-29T10:33:46.070Z,0,-0.1,0,-0.5,0.2,0.1,0
67499889a88c9300588b9af3,2024-11-29T10:33:46.086Z,0,-0.1,0,-0.5,0.2,-0.30000000000000004,0
67499889a88c9300588b9af4,2024-11-29T10:33:46.103Z,0,-0.1,0,-0.6000000000000001,0.5,-0.30000000000000004,0
67499889a88c9300588b9af5,2024-11-29T10:33:46.120Z,0,0,0,-0.4,0.5,-0.1,0
67499889a88c9300588b9af6,2024-11-29T10:33:46.136Z,0,-0.1,0,0.4,-0.5,0.4,0
67499889a88c9300588b9af7,2024-11-29T10:33:46.153Z,0,0,0,0.8,-0.2,0.1,0
67499889a88c9300588b9af8,2024-11-29T10:33:46.170Z,0,-0.1,0,0.6000000000000001,0.30000000000000004,-0.2,0
67499889a88c9300588b9af9,2024-11-29T10:33:46.186Z,0.1,-0.1,0,0.30000000000000004,0.4,-0.6000000000000001,0
67499889a88c9300588b9afa,2024-11-29T10:33:46.203Z,0,-0.1,0,0.6000000000000001,-0.1,-0.8,0
67499889a88c9300588b9afb,2024-11-29T10:33:46.220Z,0,-0.1,0,0.5,0.1,-0.4,0
67499889a88c9300588b9afc,2024-11-29T10:33:46.236Z,0,0,-0.1,0.4,0.2,-0.30000000000000004,0
67499889a88c9300588b9afd,2024-11-29T10:33:46.253Z,0,0,-0.1,0.1,0.1,-0.1,0
67499889a88c9300588b9afe,2024-11-29T10:33:46.270Z,0,0,-0.1,-0.2,0.30000000000000004,0.2,0
67499889a88c9300588b9aff,2024-11-29T10:33:46.286Z,-0.1,-0.1,-0.1,-0.6000000000000001,0.30000000000000004,0.4,0
67499889a88c9300588b9b00,2024-11-29T10:33:46.303Z,0,0,0,-0.30000000000000004,0,0.30000000000000004,0
67499889a88c9300588b9b01,2024-11-29T10:33:46.319Z,0,0,0,0,-0.30000000000000004,0.30000000000000004,0
67499889a88c9300588b9b02,2024-11-29T10:33:46.336Z,0,-0.1,0,-0.2,0,0.5,0
67499889a88c9300588b9b03,2024-11-29T10:33:46.353Z,0,-0.1,0,-0.30000000000000004,-0.2,0.30000000000000004,0
67499889a88c9300588b9b04,2024-11-29T10:33:46.370Z,0.1,-0.1,0,0,-0.4,-0.1,0
67499889a88c9300588b9b05,2024-11-29T10:33:46.386Z,0,-0.1,0,0.8,-1,0,0
67499889a88c9300588b9b06,2024-11-29T10:33:46.403Z,0,-0.1,0,1.6,-0.1,-0.1,0
67499889a88c9300588b9b07,2024-11-29T10:33:46.419Z,0.1,-0.1,0,1.5,0.6000000000000001,-0.8,0
67499889a88c9300588b9b08,2024-11-29T10:33:46.436Z,0,0,-0.1,0.6000000000000001,0.8,-1.3,0
67499889a88c9300588b9b09,2024-11-29T10:33:46.453Z,-0.1,-0.1,-0.1,-0.6000000000000001,0.5,-1.1,0
67499889a88c9300588b9b0a,2024-11-29T10:33:46.470Z,-0.1,-0.1,-0.1,-1.8000000000000003,0.1,-0.30000000000000004,0
67499889a88c9300588b9b0b,2024-11-29T10:33:46.486Z,-0.1,0,0,-1.9,-0.4,0.30000000000000004,0
67499889a88c9300588b9b0c,2024-11-29T10:33:46.503Z,0,0,0.1,-1,-0.2,0.30000000000000004,0
67499889a88c9300588b9b0d,2024-11-29T10:33:46.520Z,0,0,0.1,-0.1,0.30000000000000004,0.7,0
67499889a88c9300588b9b0e,2024-11-29T10:33:46.536Z,0,-0.1,0,0.1,-0.30000000000000004,0.5,0
67499889a88c9300588b9b0f,2024-11-29T10:33:46.553Z,0,-0.1,0,0.30000000000000004,-0.7,0.2,0
67499889a88c9300588b9b10,2024-11-29T10:33:46.570Z,0.1,-0.1,0,0.6000000000000001,-0.4,-0.30000000000000004,0
67499889a88c9300588b9b11,2024-11-29T10:33:46.586Z,0.1,0,0,0.9000000000000001,0.7,-0.7,0
67499889a88c9300588b9b12,2024-11-29T10:33:46.603Z,0,-0.1,0,1,0.8,-0.5,0
67499889a88c9300588b9b13,2024-11-29T10:33:46.620Z,0,-0.1,0,0.4,0.30000000000000004,-0.30000000000000004,0
67499889a88c9300588b9b14,2024-11-29T10:33:46.636Z,0,0,-0.1,0.1,-0.4,-0.30000000000000004,0
67499889a88c9300588b9b15,2024-11-29T10:33:46.653Z,0,-0.1,-0.1,-0.2,-0.1,-0.1,0
67499889a88c9300588b9b16,2024-11-29T10:33:46.670Z,0,0,0,-0.1,0.2,0.1,0
67499889a88c9300588b9b17,2024-11-29T10:33:46.686Z,0,0,0,0.1,0.4,0.2,0
67499889a88c9300588b9b18,2024-11-29T10:33:46.703Z,0,0,0,-0.1,0.1,0.4,0
67499889a88c9300588b9b19,2024-11-29T10:33:46.720Z,0,-0.1,-0.1,-0.6000000000000001,-0.1,0.4,0
67499889a88c9300588b9b1a,2024-11-29T10:33:46.736Z,0,-0.1,0,-1,-0.30000000000000004,0.1,0
67499889a88c9300588b9b1b,2024-11-29T10:33:46.753Z,0,-0.1,0,-0.6000000000000001,0.1,-0.1,0
67499889a88c9300588b9b1c,2024-11-29T10:33:46.770Z,0,0,0,-0.1,0.5,-0.30000000000000004,0
67499889a88c9300588b9b1d,2024-11-29T10:33:46.786Z,0,-0.1,0,0.30000000000000004,0.30000000000000004,-0.30000000000000004,0
67499889a88c9300588b9b1e,2024-11-29T10:33:46.803Z,0,-0.1,0,0.30000000000000004,-0.2,0.1,0
67499889a88c9300588b9b1f,2024-11-29T10:33:46.819Z,0,-0.1,0,0.1,-0.5,0.4,0
67499889a88c9300588b9b20,2024-11-29T10:33:46.836Z,0,-0.1,0,0.5,-0.2,0.5,0
